"CBSAA","NAME_E.y","housing_chg"
10100,"Aberdeen, SD Micro Area",26700
10140,"Aberdeen, WA Micro Area",34300
10180,"Abilene, TX Metro Area",30900
10220,"Ada, OK Micro Area",26900
10300,"Adrian, MI Micro Area",28100
10380,"Aguadilla-Isabela, PR Metro Area",-10700
10420,"Akron, OH Metro Area",15700
10460,"Alamogordo, NM Micro Area",19000
10500,"Albany, GA Metro Area",14100
10540,"Albany-Lebanon, OR Metro Area",69900
10580,"Albany-Schenectady-Troy, NY Metro Area",23800
10620,"Albemarle, NC Micro Area",22200
10660,"Albert Lea, MN Micro Area",16800
10700,"Albertville, AL Micro Area",25800
10740,"Albuquerque, NM Metro Area",22600
10780,"Alexandria, LA Metro Area",24400
10820,"Alexandria, MN Micro Area",38100
10860,"Alice, TX Micro Area",3600
10900,"Allentown-Bethlehem-Easton, PA-NJ Metro Area",19400
10940,"Alma, MI Micro Area",8700
10980,"Alpena, MI Micro Area",11600
11020,"Altoona, PA Metro Area",17600
11060,"Altus, OK Micro Area",9400
11100,"Amarillo, TX Metro Area",25400
11140,"Americus, GA Micro Area",39600
11180,"Ames, IA Metro Area",13700
11220,"Amsterdam, NY Micro Area",9100
11260,"Anchorage, AK Metro Area",28800
11380,"Andrews, TX Micro Area",41600
11420,"Angola, IN Micro Area",25500
11460,"Ann Arbor, MI Metro Area",70300
11500,"Anniston-Oxford, AL Metro Area",15700
11540,"Appleton, WI Metro Area",22200
11580,"Arcadia, FL Micro Area",23200
11620,"Ardmore, OK Micro Area",20500
11640,"Arecibo, PR Metro Area",-12000
11660,"Arkadelphia, AR Micro Area",28900
11700,"Asheville, NC Metro Area",49900
11740,"Ashland, OH Micro Area",11400
11780,"Ashtabula, OH Micro Area",11200
11820,"Astoria, OR Micro Area",63000
11860,"Atchison, KS Micro Area",20600
11900,"Athens, OH Micro Area",21400
11940,"Athens, TN Micro Area",26800
11980,"Athens, TX Micro Area",29200
12020,"Athens-Clarke County, GA Metro Area",35900
12060,"Atlanta-Sandy Springs-Alpharetta, GA Metro Area",65600
12100,"Atlantic City-Hammonton, NJ Metro Area",-9000
12140,"Auburn, IN Micro Area",19000
12180,"Auburn, NY Micro Area",18100
12220,"Auburn-Opelika, AL Metro Area",19400
12260,"Augusta-Richmond County, GA-SC Metro Area",25100
12300,"Augusta-Waterville, ME Micro Area",13400
12380,"Austin, MN Micro Area",19100
12420,"Austin-Round Rock-Georgetown, TX Metro Area",94600
12460,"Bainbridge, GA Micro Area",600
12540,"Bakersfield, CA Metro Area",59200
12580,"Baltimore-Columbia-Towson, MD Metro Area",29700
12620,"Bangor, ME Metro Area",10900
12660,"Baraboo, WI Micro Area",18300
12680,"Bardstown, KY Micro Area",30600
12700,"Barnstable Town, MA Metro Area",50500
12740,"Barre, VT Micro Area",19200
12780,"Bartlesville, OK Micro Area",14800
12860,"Batavia, NY Micro Area",18200
12900,"Batesville, AR Micro Area",-8300
12940,"Baton Rouge, LA Metro Area",28200
12980,"Battle Creek, MI Metro Area",19500
13020,"Bay City, MI Metro Area",13600
13060,"Bay City, TX Micro Area",34400
13100,"Beatrice, NE Micro Area",15800
13140,"Beaumont-Port Arthur, TX Metro Area",23200
13180,"Beaver Dam, WI Micro Area",15900
13220,"Beckley, WV Metro Area",14000
13260,"Bedford, IN Micro Area",25700
13300,"Beeville, TX Micro Area",15800
13340,"Bellefontaine, OH Micro Area",23000
13380,"Bellingham, WA Metro Area",94300
13420,"Bemidji, MN Micro Area",18200
13460,"Bend, OR Metro Area",135900
13500,"Bennettsville, SC Micro Area",11300
13540,"Bennington, VT Micro Area",-700
13620,"Berlin, NH Micro Area",9200
13660,"Big Rapids, MI Micro Area",12000
13700,"Big Spring, TX Micro Area",27900
13720,"Big Stone Gap, VA Micro Area",2400
13740,"Billings, MT Metro Area",47200
13780,"Binghamton, NY Metro Area",9600
13820,"Birmingham-Hoover, AL Metro Area",25200
13900,"Bismarck, ND Metro Area",69800
13940,"Blackfoot, ID Micro Area",26800
13980,"Blacksburg-Christiansburg, VA Metro Area",26800
14010,"Bloomington, IL Metro Area",11000
14020,"Bloomington, IN Metro Area",25400
14100,"Bloomsburg-Berwick, PA Metro Area",15100
14140,"Bluefield, WV-VA Micro Area",14500
14180,"Blytheville, AR Micro Area",13400
14220,"Bogalusa, LA Micro Area",35300
14260,"Boise City, ID Metro Area",100700
14380,"Boone, NC Micro Area",14300
14420,"Borger, TX Micro Area",8100
14460,"Boston-Cambridge-Newton, MA-NH Metro Area",92600
14500,"Boulder, CO Metro Area",170300
14540,"Bowling Green, KY Metro Area",36900
14580,"Bozeman, MT Micro Area",116500
14620,"Bradford, PA Micro Area",6100
14660,"Brainerd, MN Micro Area",30600
14700,"Branson, MO Micro Area",16100
14720,"Breckenridge, CO Micro Area",117500
14740,"Bremerton-Silverdale-Port Orchard, WA Metro Area",104000
14780,"Brenham, TX Micro Area",40200
14820,"Brevard, NC Micro Area",39300
14860,"Bridgeport-Stamford-Norwalk, CT Metro Area",17000
15020,"Brookhaven, MS Micro Area",19800
15060,"Brookings, OR Micro Area",67400
15100,"Brookings, SD Micro Area",31100
15180,"Brownsville-Harlingen, TX Metro Area",10400
15220,"Brownwood, TX Micro Area",19100
15260,"Brunswick, GA Metro Area",35100
15340,"Bucyrus-Galion, OH Micro Area",6700
15380,"Buffalo-Cheektowaga, NY Metro Area",30800
15420,"Burley, ID Micro Area",42400
15460,"Burlington, IA-IL Micro Area",7000
15500,"Burlington, NC Metro Area",22800
15540,"Burlington-South Burlington, VT Metro Area",31300
15580,"Butte-Silver Bow, MT Micro Area",27200
15620,"Cadillac, MI Micro Area",22600
15660,"Calhoun, GA Micro Area",35300
15680,"California-Lexington Park, MD Metro Area",21300
15700,"Cambridge, MD Micro Area",-400
15740,"Cambridge, OH Micro Area",27200
15780,"Camden, AR Micro Area",9300
15820,"Campbellsville, KY Micro Area",18100
15860,"Cañon City, CO Micro Area",39000
15940,"Canton-Massillon, OH Metro Area",16200
15980,"Cape Coral-Fort Myers, FL Metro Area",77900
16020,"Cape Girardeau, MO-IL Metro Area",23600
16060,"Carbondale-Marion, IL Metro Area",17800
16100,"Carlsbad-Artesia, NM Micro Area",36300
16180,"Carson City, NV Metro Area",113900
16220,"Casper, WY Metro Area",29800
16260,"Cedar City, UT Micro Area",65400
16300,"Cedar Rapids, IA Metro Area",13800
16340,"Cedartown, GA Micro Area",19300
16380,"Celina, OH Micro Area",33600
16460,"Centralia, IL Micro Area",13000
16500,"Centralia, WA Micro Area",57900
16540,"Chambersburg-Waynesboro, PA Metro Area",12900
16580,"Champaign-Urbana, IL Metro Area",20000
16620,"Charleston, WV Metro Area",11500
16660,"Charleston-Mattoon, IL Micro Area",13300
16700,"Charleston-North Charleston, SC Metro Area",60200
16740,"Charlotte-Concord-Gastonia, NC-SC Metro Area",50700
16820,"Charlottesville, VA Metro Area",43400
16860,"Chattanooga, TN-GA Metro Area",24900
16940,"Cheyenne, WY Metro Area",49900
16980,"Chicago-Naperville-Elgin, IL-IN-WI Metro Area",33000
17020,"Chico, CA Metro Area",83000
17060,"Chillicothe, OH Micro Area",14700
17140,"Cincinnati, OH-KY-IN Metro Area",21900
17220,"Clarksburg, WV Micro Area",26500
17260,"Clarksdale, MS Micro Area",6000
17300,"Clarksville, TN-KY Metro Area",27600
17340,"Clearlake, CA Micro Area",73700
17380,"Cleveland, MS Micro Area",13700
17420,"Cleveland, TN Metro Area",20200
17460,"Cleveland-Elyria, OH Metro Area",17300
17500,"Clewiston, FL Micro Area",33500
17540,"Clinton, IA Micro Area",10100
17580,"Clovis, NM Micro Area",6800
17620,"Coamo, PR Micro Area",-1600
17640,"Coco, PR Micro Area",-3600
17660,"Coeur d'Alene, ID Metro Area",108400
17700,"Coffeyville, KS Micro Area",8300
17740,"Coldwater, MI Micro Area",23000
17780,"College Station-Bryan, TX Metro Area",51900
17820,"Colorado Springs, CO Metro Area",81100
17860,"Columbia, MO Metro Area",20500
17900,"Columbia, SC Metro Area",19100
17980,"Columbus, GA-AL Metro Area",10600
18020,"Columbus, IN Metro Area",27400
18060,"Columbus, MS Micro Area",20600
18100,"Columbus, NE Micro Area",34300
18140,"Columbus, OH Metro Area",36800
18180,"Concord, NH Micro Area",20200
18220,"Connersville, IN Micro Area",2100
18260,"Cookeville, TN Micro Area",24000
18300,"Coos Bay, OR Micro Area",49900
18380,"Cordele, GA Micro Area",-15100
18420,"Corinth, MS Micro Area",23800
18460,"Cornelia, GA Micro Area",23700
18500,"Corning, NY Micro Area",13200
18580,"Corpus Christi, TX Metro Area",33600
18620,"Corsicana, TX Micro Area",28400
18660,"Cortland, NY Micro Area",18500
18700,"Corvallis, OR Metro Area",88200
18740,"Coshocton, OH Micro Area",9800
18780,"Craig, CO Micro Area",14800
18820,"Crawfordsville, IN Micro Area",21600
18860,"Crescent City, CA Micro Area",43800
18880,"Crestview-Fort Walton Beach-Destin, FL Metro Area",54000
18900,"Crossville, TN Micro Area",20300
18980,"Cullman, AL Micro Area",20000
19000,"Cullowhee, NC Micro Area",19600
19060,"Cumberland, MD-WV Metro Area",11100
19100,"Dallas-Fort Worth-Arlington, TX Metro Area",79700
19140,"Dalton, GA Metro Area",25100
19180,"Danville, IL Metro Area",5100
19220,"Danville, KY Micro Area",13700
19260,"Danville, VA Micro Area",13000
19300,"Daphne-Fairhope-Foley, AL Metro Area",42300
19340,"Davenport-Moline-Rock Island, IA-IL Metro Area",15900
19420,"Dayton, TN Micro Area",24700
19460,"Decatur, AL Metro Area",21300
19500,"Decatur, IL Metro Area",8200
19540,"Decatur, IN Micro Area",25200
19580,"Defiance, OH Micro Area",16200
19620,"Del Rio, TX Micro Area",13000
19660,"Deltona-Daytona Beach-Ormond Beach, FL Metro Area",64100
19700,"Deming, NM Micro Area",2800
19740,"Denver-Aurora-Lakewood, CO Metro Area",144800
19760,"DeRidder, LA Micro Area",37500
19780,"Des Moines-West Des Moines, IA Metro Area",33000
19820,"Detroit-Warren-Dearborn, MI Metro Area",51600
19860,"Dickinson, ND Micro Area",34300
19940,"Dixon, IL Micro Area",9000
19980,"Dodge City, KS Micro Area",10300
20020,"Dothan, AL Metro Area",22900
20060,"Douglas, GA Micro Area",11900
20100,"Dover, DE Metro Area",26100
20140,"Dublin, GA Micro Area",8700
20180,"DuBois, PA Micro Area",12100
20220,"Dubuque, IA Metro Area",25900
20260,"Duluth, MN-WI Metro Area",21700
20300,"Dumas, TX Micro Area",20100
20340,"Duncan, OK Micro Area",16300
20420,"Durango, CO Micro Area",83200
20460,"Durant, OK Micro Area",29700
20500,"Durham-Chapel Hill, NC Metro Area",47500
20540,"Dyersburg, TN Micro Area",15000
20580,"Eagle Pass, TX Micro Area",12200
20660,"Easton, MD Micro Area",14500
20700,"East Stroudsburg, PA Metro Area",-700
20740,"Eau Claire, WI Metro Area",29400
20780,"Edwards, CO Micro Area",197800
20820,"Effingham, IL Micro Area",23500
20900,"El Campo, TX Micro Area",46400
20940,"El Centro, CA Metro Area",55100
20980,"El Dorado, AR Micro Area",15100
21020,"Elizabeth City, NC Micro Area",1400
21060,"Elizabethtown-Fort Knox, KY Metro Area",16100
21120,"Elk City, OK Micro Area",5100
21140,"Elkhart-Goshen, IN Metro Area",25300
21180,"Elkins, WV Micro Area",16100
21220,"Elko, NV Micro Area",42800
21260,"Ellensburg, WA Micro Area",72900
21300,"Elmira, NY Metro Area",8500
21340,"El Paso, TX Metro Area",12600
21380,"Emporia, KS Micro Area",18500
21420,"Enid, OK Metro Area",22100
21460,"Enterprise, AL Micro Area",11300
21500,"Erie, PA Metro Area",20300
21540,"Escanaba, MI Micro Area",13500
21580,"Española, NM Micro Area",17000
21660,"Eugene-Springfield, OR Metro Area",64700
21700,"Eureka-Arcata, CA Micro Area",52000
21740,"Evanston, WY Micro Area",4900
21780,"Evansville, IN-KY Metro Area",22600
21820,"Fairbanks, AK Metro Area",22200
21840,"Fairfield, IA Micro Area",19600
21900,"Fairmont, WV Micro Area",22900
21980,"Fallon, NV Micro Area",47800
22020,"Fargo, ND-MN Metro Area",57900
22060,"Faribault-Northfield, MN Micro Area",47600
22100,"Farmington, MO Micro Area",14500
22140,"Farmington, NM Metro Area",9600
22180,"Fayetteville, NC Metro Area",15800
22220,"Fayetteville-Springdale-Rogers, AR Metro Area",39700
22260,"Fergus Falls, MN Micro Area",38900
22280,"Fernley, NV Micro Area",106900
22300,"Findlay, OH Micro Area",25500
22340,"Fitzgerald, GA Micro Area",4600
22380,"Flagstaff, AZ Metro Area",79800
22420,"Flint, MI Metro Area",31000
22500,"Florence, SC Metro Area",16100
22520,"Florence-Muscle Shoals, AL Metro Area",27700
22540,"Fond du Lac, WI Metro Area",16500
22580,"Forest City, NC Micro Area",18500
22620,"Forrest City, AR Micro Area",4400
22660,"Fort Collins, CO Metro Area",127200
22700,"Fort Dodge, IA Micro Area",22000
22780,"Fort Leonard Wood, MO Micro Area",30900
22800,"Fort Madison-Keokuk, IA-IL-MO Micro Area",10800
22820,"Fort Morgan, CO Micro Area",71700
22860,"Fort Polk South, LA Micro Area",28000
22900,"Fort Smith, AR-OK Metro Area",16500
23060,"Fort Wayne, IN Metro Area",22200
23140,"Frankfort, IN Micro Area",20900
23180,"Frankfort, KY Micro Area",15600
23240,"Fredericksburg, TX Micro Area",73000
23300,"Freeport, IL Micro Area",700
23340,"Fremont, NE Micro Area",23100
23380,"Fremont, OH Micro Area",8500
23420,"Fresno, CA Metro Area",76400
23460,"Gadsden, AL Metro Area",24000
23500,"Gaffney, SC Micro Area",11800
23540,"Gainesville, FL Metro Area",22300
23580,"Gainesville, GA Metro Area",53000
23620,"Gainesville, TX Micro Area",44000
23660,"Galesburg, IL Micro Area",3300
23700,"Gallup, NM Micro Area",-1600
23780,"Garden City, KS Micro Area",41600
23820,"Gardnerville Ranchos, NV Micro Area",144900
23860,"Georgetown, SC Micro Area",38100
23900,"Gettysburg, PA Metro Area",19200
23940,"Gillette, WY Micro Area",8600
23980,"Glasgow, KY Micro Area",12500
24020,"Glens Falls, NY Metro Area",13100
24060,"Glenwood Springs, CO Micro Area",73100
24100,"Gloversville, NY Micro Area",11900
24140,"Goldsboro, NC Metro Area",15500
24220,"Grand Forks, ND-MN Metro Area",41900
24260,"Grand Island, NE Metro Area",34300
24300,"Grand Junction, CO Metro Area",46000
24340,"Grand Rapids-Kentwood, MI Metro Area",45400
24380,"Grants, NM Micro Area",600
24420,"Grants Pass, OR Metro Area",65600
24460,"Great Bend, KS Micro Area",15900
24500,"Great Falls, MT Metro Area",22300
24540,"Greeley, CO Metro Area",116000
24580,"Green Bay, WI Metro Area",20000
24620,"Greeneville, TN Micro Area",23900
24660,"Greensboro-High Point, NC Metro Area",14500
24700,"Greensburg, IN Micro Area",24400
24740,"Greenville, MS Micro Area",6700
24780,"Greenville, NC Metro Area",11400
24820,"Greenville, OH Micro Area",14800
24860,"Greenville-Anderson, SC Metro Area",32400
24900,"Greenwood, MS Micro Area",13700
24940,"Greenwood, SC Micro Area",28500
24980,"Grenada, MS Micro Area",15200
25020,"Guayama, PR Metro Area",-8700
25060,"Gulfport-Biloxi, MS Metro Area",23000
25100,"Guymon, OK Micro Area",25500
25180,"Hagerstown-Martinsburg, MD-WV Metro Area",23700
25200,"Hailey, ID Micro Area",138900
25220,"Hammond, LA Metro Area",30400
25260,"Hanford-Corcoran, CA Metro Area",57900
25300,"Hannibal, MO Micro Area",24800
25420,"Harrisburg-Carlisle, PA Metro Area",20000
25460,"Harrison, AR Micro Area",22300
25500,"Harrisonburg, VA Metro Area",20500
25540,"Hartford-East Hartford-Middletown, CT Metro Area",7500
25580,"Hastings, NE Micro Area",33400
25620,"Hattiesburg, MS Metro Area",3800
25700,"Hays, KS Micro Area",22500
25720,"Heber, UT Micro Area",247100
25740,"Helena, MT Micro Area",56200
25760,"Helena-West Helena, AR Micro Area",19600
25780,"Henderson, NC Micro Area",5800
25820,"Hereford, TX Micro Area",5100
25840,"Hermiston-Pendleton, OR Micro Area",36300
25860,"Hickory-Lenoir-Morganton, NC Metro Area",18100
25880,"Hillsdale, MI Micro Area",33100
25900,"Hilo, HI Micro Area",62400
25940,"Hilton Head Island-Bluffton, SC Metro Area",42000
25980,"Hinesville, GA Metro Area",12900
26020,"Hobbs, NM Micro Area",30000
26090,"Holland, MI Micro Area",33600
26140,"Homosassa Springs, FL Metro Area",31800
26220,"Hood River, OR Micro Area",90300
26300,"Hot Springs, AR Metro Area",11400
26340,"Houghton, MI Micro Area",21300
26380,"Houma-Thibodaux, LA Metro Area",21600
26420,"Houston-The Woodlands-Sugar Land, TX Metro Area",58800
26460,"Hudson, NY Micro Area",14400
26500,"Huntingdon, PA Micro Area",23800
26540,"Huntington, IN Micro Area",9300
26580,"Huntington-Ashland, WV-KY-OH Metro Area",18000
26620,"Huntsville, AL Metro Area",23300
26660,"Huntsville, TX Micro Area",55500
26700,"Huron, SD Micro Area",20200
26740,"Hutchinson, KS Micro Area",12000
26780,"Hutchinson, MN Micro Area",22900
26820,"Idaho Falls, ID Metro Area",50000
26860,"Indiana, PA Micro Area",17100
26900,"Indianapolis-Carmel-Anderson, IN Metro Area",30500
26940,"Indianola, MS Micro Area",16300
26980,"Iowa City, IA Metro Area",45900
27020,"Iron Mountain, MI-WI Micro Area",22700
27060,"Ithaca, NY Metro Area",42200
27100,"Jackson, MI Metro Area",27400
27140,"Jackson, MS Metro Area",15000
27160,"Jackson, OH Micro Area",14400
27180,"Jackson, TN Metro Area",10400
27220,"Jackson, WY-ID Micro Area",112800
27260,"Jacksonville, FL Metro Area",61900
27300,"Jacksonville, IL Micro Area",10900
27340,"Jacksonville, NC Metro Area",8400
27380,"Jacksonville, TX Micro Area",27100
27420,"Jamestown, ND Micro Area",47700
27460,"Jamestown-Dunkirk-Fredonia, NY Micro Area",8400
27500,"Janesville-Beloit, WI Metro Area",25000
27540,"Jasper, IN Micro Area",24500
27580,"Jayuya, PR Micro Area",2400
27600,"Jefferson, GA Micro Area",54400
27620,"Jefferson City, MO Metro Area",23700
27700,"Jesup, GA Micro Area",24600
27740,"Johnson City, TN Metro Area",22400
27780,"Johnstown, PA Metro Area",7800
27860,"Jonesboro, AR Metro Area",22000
27900,"Joplin, MO Metro Area",18200
27940,"Juneau, AK Micro Area",31600
27980,"Kahului-Wailuku-Lahaina, HI Metro Area",147700
28020,"Kalamazoo-Portage, MI Metro Area",35500
28060,"Kalispell, MT Micro Area",63100
28100,"Kankakee, IL Metro Area",14100
28140,"Kansas City, MO-KS Metro Area",36500
28180,"Kapaa, HI Micro Area",126300
28260,"Kearney, NE Micro Area",36500
28300,"Keene, NH Micro Area",8900
28340,"Kendallville, IN Micro Area",19400
28380,"Kennett, MO Micro Area",11000
28420,"Kennewick-Richland, WA Metro Area",68300
28500,"Kerrville, TX Micro Area",35700
28540,"Ketchikan, AK Micro Area",47000
28580,"Key West, FL Micro Area",171700
28620,"Kill Devil Hills, NC Micro Area",28600
28660,"Killeen-Temple, TX Metro Area",26700
28700,"Kingsport-Bristol, TN-VA Metro Area",21600
28740,"Kingston, NY Metro Area",16600
28780,"Kingsville, TX Micro Area",17600
28820,"Kinston, NC Micro Area",1500
28860,"Kirksville, MO Micro Area",14000
28900,"Klamath Falls, OR Micro Area",37200
28940,"Knoxville, TN Metro Area",29900
29020,"Kokomo, IN Metro Area",18200
29060,"Laconia, NH Micro Area",12400
29100,"La Crosse-Onalaska, WI-MN Metro Area",26100
29180,"Lafayette, LA Metro Area",30300
29200,"Lafayette-West Lafayette, IN Metro Area",24400
29260,"La Grande, OR Micro Area",35000
29300,"LaGrange, GA-AL Micro Area",8000
29340,"Lake Charles, LA Metro Area",35900
29380,"Lake City, FL Micro Area",25300
29420,"Lake Havasu City-Kingman, AZ Metro Area",48900
29460,"Lakeland-Winter Haven, FL Metro Area",55100
29500,"Lamesa, TX Micro Area",18000
29540,"Lancaster, PA Metro Area",29500
29620,"Lansing-East Lansing, MI Metro Area",23200
29660,"Laramie, WY Micro Area",27400
29700,"Laredo, TX Metro Area",25500
29740,"Las Cruces, NM Metro Area",15500
29780,"Las Vegas, NM Micro Area",3400
29820,"Las Vegas-Henderson-Paradise, NV Metro Area",114700
29860,"Laurel, MS Micro Area",16400
29900,"Laurinburg, NC Micro Area",8500
29940,"Lawrence, KS Metro Area",32600
29980,"Lawrenceburg, TN Micro Area",19900
30020,"Lawton, OK Metro Area",8100
30060,"Lebanon, MO Micro Area",13200
30140,"Lebanon, PA Metro Area",12200
30220,"Levelland, TX Micro Area",11300
30260,"Lewisburg, PA Micro Area",28200
30280,"Lewisburg, TN Micro Area",47600
30300,"Lewiston, ID-WA Metro Area",38200
30340,"Lewiston-Auburn, ME Metro Area",15500
30380,"Lewistown, PA Micro Area",17600
30420,"Lexington, NE Micro Area",28200
30460,"Lexington-Fayette, KY Metro Area",28900
30580,"Liberal, KS Micro Area",24100
30620,"Lima, OH Metro Area",14900
30660,"Lincoln, IL Micro Area",8700
30700,"Lincoln, NE Metro Area",36100
30780,"Little Rock-North Little Rock-Conway, AR Metro Area",18900
30820,"Lock Haven, PA Micro Area",28300
30860,"Logan, UT-ID Metro Area",64400
30900,"Logansport, IN Micro Area",9100
30940,"London, KY Micro Area",15900
30980,"Longview, TX Metro Area",29800
31020,"Longview, WA Metro Area",70200
31060,"Los Alamos, NM Micro Area",48000
31080,"Los Angeles-Long Beach-Anaheim, CA Metro Area",171000
31140,"Louisville/Jefferson County, KY-IN Metro Area",28500
31180,"Lubbock, TX Metro Area",36300
31220,"Ludington, MI Micro Area",31500
31260,"Lufkin, TX Micro Area",23400
31300,"Lumberton, NC Micro Area",5400
31340,"Lynchburg, VA Metro Area",11000
31380,"Macomb, IL Micro Area",1800
31420,"Macon-Bibb County, GA Metro Area",13800
31460,"Madera, CA Metro Area",78800
31500,"Madison, IN Micro Area",26900
31540,"Madison, WI Metro Area",41400
31580,"Madisonville, KY Micro Area",17600
31620,"Magnolia, AR Micro Area",8700
31660,"Malone, NY Micro Area",9000
31680,"Malvern, AR Micro Area",19100
31700,"Manchester-Nashua, NH Metro Area",42200
31740,"Manhattan, KS Metro Area",6700
31820,"Manitowoc, WI Micro Area",6500
31860,"Mankato, MN Metro Area",32600
31900,"Mansfield, OH Metro Area",12600
31930,"Marietta, OH Micro Area",31400
31940,"Marinette, WI-MI Micro Area",17500
31980,"Marion, IN Micro Area",13500
32000,"Marion, NC Micro Area",31000
32020,"Marion, OH Micro Area",9400
32100,"Marquette, MI Micro Area",22800
32140,"Marshall, MN Micro Area",19000
32180,"Marshall, MO Micro Area",24900
32260,"Marshalltown, IA Micro Area",-100
32280,"Martin, TN Micro Area",3800
32300,"Martinsville, VA Micro Area",700
32340,"Maryville, MO Micro Area",12100
32380,"Mason City, IA Micro Area",13800
32420,"Mayagüez, PR Metro Area",-5600
32460,"Mayfield, KY Micro Area",16100
32500,"Maysville, KY Micro Area",43100
32540,"McAlester, OK Micro Area",14500
32580,"McAllen-Edinburg-Mission, TX Metro Area",10800
32620,"McComb, MS Micro Area",15800
32660,"McMinnville, TN Micro Area",19300
32700,"McPherson, KS Micro Area",21800
32740,"Meadville, PA Micro Area",12600
32780,"Medford, OR Metro Area",76400
32820,"Memphis, TN-MS-AR Metro Area",28000
32860,"Menomonie, WI Micro Area",18800
32900,"Merced, CA Metro Area",107600
32940,"Meridian, MS Micro Area",9800
33020,"Mexico, MO Micro Area",-2700
33060,"Miami, OK Micro Area",5500
33100,"Miami-Fort Lauderdale-Pompano Beach, FL Metro Area",100500
33140,"Michigan City-La Porte, IN Metro Area",16600
33180,"Middlesborough, KY Micro Area",2400
33220,"Midland, MI Metro Area",14700
33260,"Midland, TX Metro Area",66300
33300,"Milledgeville, GA Micro Area",28200
33340,"Milwaukee-Waukesha, WI Metro Area",30100
33420,"Mineral Wells, TX Micro Area",32900
33460,"Minneapolis-St. Paul-Bloomington, MN-WI Metro Area",57700
33500,"Minot, ND Micro Area",28500
33540,"Missoula, MT Metro Area",62500
33580,"Mitchell, SD Micro Area",21400
33620,"Moberly, MO Micro Area",23100
33660,"Mobile, AL Metro Area",14800
33700,"Modesto, CA Metro Area",123300
33740,"Monroe, LA Metro Area",16600
33780,"Monroe, MI Metro Area",30200
33860,"Montgomery, AL Metro Area",15500
33940,"Montrose, CO Micro Area",69500
33980,"Morehead City, NC Micro Area",29900
34020,"Morgan City, LA Micro Area",12900
34060,"Morgantown, WV Metro Area",31300
34100,"Morristown, TN Metro Area",17000
34140,"Moscow, ID Micro Area",54100
34180,"Moses Lake, WA Micro Area",34100
34220,"Moultrie, GA Micro Area",13000
34260,"Mountain Home, AR Micro Area",14100
34300,"Mountain Home, ID Micro Area",29100
34340,"Mount Airy, NC Micro Area",14200
34380,"Mount Pleasant, MI Micro Area",14400
34420,"Mount Pleasant, TX Micro Area",5600
34460,"Mount Sterling, KY Micro Area",11200
34500,"Mount Vernon, IL Micro Area",9800
34540,"Mount Vernon, OH Micro Area",30200
34580,"Mount Vernon-Anacortes, WA Metro Area",91800
34620,"Muncie, IN Metro Area",8900
34660,"Murray, KY Micro Area",21300
34700,"Muscatine, IA Micro Area",8500
34740,"Muskegon, MI Metro Area",27400
34780,"Muskogee, OK Micro Area",17800
34820,"Myrtle Beach-Conway-North Myrtle Beach, SC-NC Metro Area",30600
34860,"Nacogdoches, TX Micro Area",26900
34900,"Napa, CA Metro Area",200100
34940,"Naples-Marco Island, FL Metro Area",93800
34980,"Nashville-Davidson--Murfreesboro--Franklin, TN Metro Area",88200
35020,"Natchez, MS-LA Micro Area",11300
35060,"Natchitoches, LA Micro Area",46400
35100,"New Bern, NC Metro Area",6500
35140,"Newberry, SC Micro Area",17700
35220,"New Castle, IN Micro Area",10200
35260,"New Castle, PA Micro Area",15900
35300,"New Haven-Milford, CT Metro Area",7100
35380,"New Orleans-Metairie, LA Metro Area",29500
35420,"New Philadelphia-Dover, OH Micro Area",25600
35440,"Newport, OR Micro Area",46700
35460,"Newport, TN Micro Area",13100
35580,"New Ulm, MN Micro Area",18500
35620,"New York-Newark-Jersey City, NY-NJ-PA Metro Area",66600
35660,"Niles, MI Metro Area",24900
35700,"Nogales, AZ Micro Area",15700
35740,"Norfolk, NE Micro Area",36500
35820,"North Platte, NE Micro Area",37500
35840,"North Port-Sarasota-Bradenton, FL Metro Area",86000
35860,"North Vernon, IN Micro Area",15600
35900,"North Wilkesboro, NC Micro Area",14400
35940,"Norwalk, OH Micro Area",15500
35980,"Norwich-New London, CT Metro Area",2800
36020,"Oak Harbor, WA Micro Area",92000
36100,"Ocala, FL Metro Area",40700
36140,"Ocean City, NJ Metro Area",6500
36220,"Odessa, TX Metro Area",44700
36260,"Ogden-Clearfield, UT Metro Area",85200
36300,"Ogdensburg-Massena, NY Micro Area",9400
36340,"Oil City, PA Micro Area",15600
36380,"Okeechobee, FL Micro Area",22700
36420,"Oklahoma City, OK Metro Area",25400
36460,"Olean, NY Micro Area",5600
36500,"Olympia-Lacey-Tumwater, WA Metro Area",76200
36540,"Omaha-Council Bluffs, NE-IA Metro Area",33000
36580,"Oneonta, NY Micro Area",7900
36620,"Ontario, OR-ID Micro Area",36900
36660,"Opelousas, LA Micro Area",32100
36700,"Orangeburg, SC Micro Area",4100
36740,"Orlando-Kissimmee-Sanford, FL Metro Area",84200
36780,"Oshkosh-Neenah, WI Metro Area",15300
36820,"Oskaloosa, IA Micro Area",6900
36830,"Othello, WA Micro Area",21200
36840,"Ottawa, KS Micro Area",15600
36900,"Ottumwa, IA Micro Area",4300
36940,"Owatonna, MN Micro Area",22900
36980,"Owensboro, KY Metro Area",26600
37060,"Oxford, MS Micro Area",58700
37100,"Oxnard-Thousand Oaks-Ventura, CA Metro Area",151100
37120,"Ozark, AL Micro Area",12100
37140,"Paducah, KY-IL Micro Area",16900
37220,"Pahrump, NV Micro Area",66400
37260,"Palatka, FL Micro Area",17900
37300,"Palestine, TX Micro Area",27000
37340,"Palm Bay-Melbourne-Titusville, FL Metro Area",77800
37420,"Pampa, TX Micro Area",6000
37460,"Panama City, FL Metro Area",38200
37500,"Paragould, AR Micro Area",17100
37540,"Paris, TN Micro Area",10200
37580,"Paris, TX Micro Area",22600
37620,"Parkersburg-Vienna, WV Metro Area",18900
37660,"Parsons, KS Micro Area",6300
37740,"Payson, AZ Micro Area",40100
37780,"Pecos, TX Micro Area",47100
37860,"Pensacola-Ferry Pass-Brent, FL Metro Area",41200
37900,"Peoria, IL Metro Area",2300
37940,"Peru, IN Micro Area",5600
37980,"Philadelphia-Camden-Wilmington, PA-NJ-DE-MD Metro Area",22900
38060,"Phoenix-Mesa-Chandler, AZ Metro Area",90200
38100,"Picayune, MS Micro Area",36700
38180,"Pierre, SD Micro Area",17100
38220,"Pine Bluff, AR Metro Area",5500
38240,"Pinehurst-Southern Pines, NC Micro Area",30300
38260,"Pittsburg, KS Micro Area",11000
38300,"Pittsburgh, PA Metro Area",27300
38340,"Pittsfield, MA Metro Area",16300
38380,"Plainview, TX Micro Area",11100
38420,"Platteville, WI Micro Area",18400
38460,"Plattsburgh, NY Micro Area",15400
38500,"Plymouth, IN Micro Area",21300
38540,"Pocatello, ID Metro Area",20500
38580,"Point Pleasant, WV-OH Micro Area",22600
38620,"Ponca City, OK Micro Area",17900
38660,"Ponce, PR Metro Area",-1300
38700,"Pontiac, IL Micro Area",6800
38740,"Poplar Bluff, MO Micro Area",15600
38780,"Portales, NM Micro Area",-6800
38820,"Port Angeles, WA Micro Area",50800
38860,"Portland-South Portland, ME Metro Area",38700
38900,"Portland-Vancouver-Hillsboro, OR-WA Metro Area",121300
38920,"Port Lavaca, TX Micro Area",14600
38940,"Port St. Lucie, FL Metro Area",82800
39020,"Portsmouth, OH Micro Area",13200
39060,"Pottsville, PA Micro Area",13100
39220,"Price, UT Micro Area",24700
39260,"Prineville, OR Micro Area",98200
39300,"Providence-Warwick, RI-MA Metro Area",39800
39340,"Provo-Orem, UT Metro Area",107400
39380,"Pueblo, CO Metro Area",33900
39420,"Pullman, WA Micro Area",48400
39460,"Punta Gorda, FL Metro Area",63800
39500,"Quincy, IL-MO Micro Area",18500
39540,"Racine, WI Metro Area",23100
39580,"Raleigh-Cary, NC Metro Area",58200
39660,"Rapid City, SD Metro Area",37000
39700,"Raymondville, TX Micro Area",12400
39740,"Reading, PA Metro Area",19400
39780,"Red Bluff, CA Micro Area",60000
39820,"Redding, CA Metro Area",44400
39860,"Red Wing, MN Micro Area",33600
39900,"Reno, NV Metro Area",146900
39940,"Rexburg, ID Micro Area",40000
39980,"Richmond, IN Micro Area",10200
40060,"Richmond, VA Metro Area",34500
40080,"Richmond-Berea, KY Micro Area",20900
40100,"Rio Grande City-Roma, TX Micro Area",11800
40140,"Riverside-San Bernardino-Ontario, CA Metro Area",114200
40180,"Riverton, WY Micro Area",9000
40220,"Roanoke, VA Metro Area",14800
40260,"Roanoke Rapids, NC Micro Area",-400
40300,"Rochelle, IL Micro Area",10400
40340,"Rochester, MN Metro Area",50400
40380,"Rochester, NY Metro Area",14500
40420,"Rockford, IL Metro Area",5600
40460,"Rockingham, NC Micro Area",9600
40540,"Rock Springs, WY Micro Area",14200
40580,"Rocky Mount, NC Metro Area",15100
40620,"Rolla, MO Micro Area",31700
40660,"Rome, GA Metro Area",20500
40700,"Roseburg, OR Micro Area",41100
40740,"Roswell, NM Micro Area",15700
40780,"Russellville, AR Micro Area",10100
40820,"Ruston, LA Micro Area",26300
40860,"Rutland, VT Micro Area",-3700
40900,"Sacramento-Roseville-Folsom, CA Metro Area",125900
40940,"Safford, AZ Micro Area",23300
40980,"Saginaw, MI Metro Area",13300
41060,"St. Cloud, MN Metro Area",28100
41100,"St. George, UT Metro Area",94300
41140,"St. Joseph, MO-KS Metro Area",15000
41180,"St. Louis, MO-IL Metro Area",22100
41220,"St. Marys, GA Micro Area",20300
41400,"Salem, OH Micro Area",4400
41420,"Salem, OR Metro Area",83500
41460,"Salina, KS Micro Area",20800
41500,"Salinas, CA Metro Area",190300
41540,"Salisbury, MD-DE Metro Area",33000
41620,"Salt Lake City, UT Metro Area",98200
41660,"San Angelo, TX Metro Area",40000
41700,"San Antonio-New Braunfels, TX Metro Area",44600
41740,"San Diego-Chula Vista-Carlsbad, CA Metro Area",166000
41760,"Sandpoint, ID Micro Area",64400
41780,"Sandusky, OH Micro Area",15400
41820,"Sanford, NC Micro Area",8700
41860,"San Francisco-Oakland-Berkeley, CA Metro Area",271500
41900,"San Germán, PR Metro Area",-12200
41940,"San Jose-Sunnyvale-Santa Clara, CA Metro Area",353300
41980,"San Juan-Bayamón-Caguas, PR Metro Area",-11500
42020,"San Luis Obispo-Paso Robles, CA Metro Area",159500
42100,"Santa Cruz-Watsonville, CA Metro Area",208200
42140,"Santa Fe, NM Metro Area",19600
42180,"Santa Isabel, PR Micro Area",1200
42200,"Santa Maria-Santa Barbara, CA Metro Area",145000
42220,"Santa Rosa-Petaluma, CA Metro Area",203600
42300,"Sault Ste. Marie, MI Micro Area",15300
42340,"Savannah, GA Metro Area",31200
42380,"Sayre, PA Micro Area",15000
42420,"Scottsbluff, NE Micro Area",23100
42460,"Scottsboro, AL Micro Area",9000
42540,"Scranton--Wilkes-Barre, PA Metro Area",9500
42620,"Searcy, AR Micro Area",16500
42660,"Seattle-Tacoma-Bellevue, WA Metro Area",150500
42680,"Sebastian-Vero Beach, FL Metro Area",62900
42700,"Sebring-Avon Park, FL Metro Area",35300
42740,"Sedalia, MO Micro Area",27500
42780,"Selinsgrove, PA Micro Area",28200
42820,"Selma, AL Micro Area",2600
42860,"Seneca, SC Micro Area",17000
42900,"Seneca Falls, NY Micro Area",10500
42940,"Sevierville, TN Micro Area",30200
42980,"Seymour, IN Micro Area",18800
43020,"Shawano, WI Micro Area",11100
43060,"Shawnee, OK Micro Area",20400
43100,"Sheboygan, WI Metro Area",17200
43140,"Shelby, NC Micro Area",25600
43180,"Shelbyville, TN Micro Area",54100
43220,"Shelton, WA Micro Area",44800
43260,"Sheridan, WY Micro Area",56200
43300,"Sherman-Denison, TX Metro Area",45400
43320,"Show Low, AZ Micro Area",31400
43340,"Shreveport-Bossier City, LA Metro Area",29300
43380,"Sidney, OH Micro Area",17400
43420,"Sierra Vista-Douglas, AZ Metro Area",6200
43460,"Sikeston, MO Micro Area",18900
43500,"Silver City, NM Micro Area",-5700
43580,"Sioux City, IA-NE-SD Metro Area",26400
43620,"Sioux Falls, SD Metro Area",48100
43660,"Snyder, TX Micro Area",-1500
43700,"Somerset, KY Micro Area",7100
43740,"Somerset, PA Micro Area",14500
43760,"Sonora, CA Micro Area",55000
43780,"South Bend-Mishawaka, IN-MI Metro Area",22100
43900,"Spartanburg, SC Metro Area",34800
43940,"Spearfish, SD Micro Area",44100
43980,"Spencer, IA Micro Area",19200
44020,"Spirit Lake, IA Micro Area",32000
44060,"Spokane-Spokane Valley, WA Metro Area",60800
44100,"Springfield, IL Metro Area",13900
44140,"Springfield, MA Metro Area",22100
44180,"Springfield, MO Metro Area",26900
44220,"Springfield, OH Metro Area",16900
44260,"Starkville, MS Micro Area",8300
44300,"State College, PA Metro Area",45500
44340,"Statesboro, GA Micro Area",17400
44420,"Staunton, VA Metro Area",19900
44460,"Steamboat Springs, CO Micro Area",139500
44500,"Stephenville, TX Micro Area",44600
44540,"Sterling, CO Micro Area",37100
44580,"Sterling, IL Micro Area",8600
44620,"Stevens Point, WI Micro Area",26900
44660,"Stillwater, OK Micro Area",37100
44700,"Stockton, CA Metro Area",144900
44740,"Storm Lake, IA Micro Area",16400
44780,"Sturgis, MI Micro Area",22900
44860,"Sulphur Springs, TX Micro Area",26800
44900,"Summerville, GA Micro Area",13300
44940,"Sumter, SC Metro Area",8900
44980,"Sunbury, PA Micro Area",15500
45000,"Susanville, CA Micro Area",34900
45020,"Sweetwater, TX Micro Area",23100
45060,"Syracuse, NY Metro Area",14200
45140,"Tahlequah, OK Micro Area",18300
45180,"Talladega-Sylacauga, AL Micro Area",20400
45220,"Tallahassee, FL Metro Area",22700
45300,"Tampa-St. Petersburg-Clearwater, FL Metro Area",66300
45340,"Taos, NM Micro Area",32800
45380,"Taylorville, IL Micro Area",9400
45460,"Terre Haute, IN Metro Area",11500
45500,"Texarkana, TX-AR Metro Area",17700
45520,"The Dalles, OR Micro Area",56000
45540,"The Villages, FL Metro Area",53200
45580,"Thomaston, GA Micro Area",17200
45620,"Thomasville, GA Micro Area",27200
45660,"Tiffin, OH Micro Area",12000
45700,"Tifton, GA Micro Area",10600
45740,"Toccoa, GA Micro Area",22700
45780,"Toledo, OH Metro Area",20200
45820,"Topeka, KS Metro Area",17500
45860,"Torrington, CT Micro Area",3700
45900,"Traverse City, MI Micro Area",50400
45940,"Trenton-Princeton, NJ Metro Area",13600
45980,"Troy, AL Micro Area",26100
46020,"Truckee-Grass Valley, CA Micro Area",99100
46060,"Tucson, AZ Metro Area",39500
46100,"Tullahoma-Manchester, TN Micro Area",40300
46140,"Tulsa, OK Metro Area",23600
46180,"Tupelo, MS Micro Area",18800
46220,"Tuscaloosa, AL Metro Area",19800
46300,"Twin Falls, ID Metro Area",36000
46340,"Tyler, TX Metro Area",33600
46380,"Ukiah, CA Micro Area",80100
46460,"Union City, TN Micro Area",12600
46500,"Urbana, OH Micro Area",14000
46520,"Urban Honolulu, HI Metro Area",122100
46540,"Utica-Rome, NY Metro Area",17100
46620,"Uvalde, TX Micro Area",26000
46660,"Valdosta, GA Metro Area",14400
46700,"Vallejo, CA Metro Area",158800
46780,"Van Wert, OH Micro Area",15200
46820,"Vermillion, SD Micro Area",33100
46860,"Vernal, UT Micro Area",4600
46900,"Vernon, TX Micro Area",4000
46980,"Vicksburg, MS Micro Area",40300
47020,"Victoria, TX Metro Area",32700
47080,"Vidalia, GA Micro Area",9600
47180,"Vincennes, IN Micro Area",13200
47220,"Vineland-Bridgeton, NJ Metro Area",4000
47240,"Vineyard Haven, MA Micro Area",133200
47260,"Virginia Beach-Norfolk-Newport News, VA-NC Metro Area",20000
47300,"Visalia, CA Metro Area",60900
47340,"Wabash, IN Micro Area",14500
47380,"Waco, TX Metro Area",37300
47420,"Wahpeton, ND-MN Micro Area",27800
47460,"Walla Walla, WA Metro Area",55700
47540,"Wapakoneta, OH Micro Area",13100
47580,"Warner Robins, GA Metro Area",24900
47620,"Warren, PA Micro Area",12300
47660,"Warrensburg, MO Micro Area",21900
47700,"Warsaw, IN Micro Area",20600
47780,"Washington, IN Micro Area",29600
47820,"Washington, NC Micro Area",22900
47900,"Washington-Arlington-Alexandria, DC-VA-MD-WV Metro Area",58200
47920,"Washington Court House, OH Micro Area",10800
47940,"Waterloo-Cedar Falls, IA Metro Area",19000
47980,"Watertown, SD Micro Area",32600
48020,"Watertown-Fort Atkinson, WI Micro Area",21300
48060,"Watertown-Fort Drum, NY Metro Area",9100
48100,"Wauchula, FL Micro Area",13400
48140,"Wausau-Weston, WI Metro Area",13700
48180,"Waycross, GA Micro Area",7600
48220,"Weatherford, OK Micro Area",21100
48260,"Weirton-Steubenville, WV-OH Metro Area",9000
48300,"Wenatchee, WA Metro Area",67500
48460,"West Plains, MO Micro Area",11800
48540,"Wheeling, WV-OH Metro Area",18900
48580,"Whitewater, WI Micro Area",23300
48620,"Wichita, KS Metro Area",19800
48660,"Wichita Falls, TX Metro Area",16400
48700,"Williamsport, PA Metro Area",23400
48780,"Williston, ND Micro Area",53400
48820,"Willmar, MN Micro Area",17200
48900,"Wilmington, NC Metro Area",43500
48940,"Wilmington, OH Micro Area",19100
48980,"Wilson, NC Micro Area",10800
49020,"Winchester, VA-WV Metro Area",36800
49080,"Winnemucca, NV Micro Area",26300
49100,"Winona, MN Micro Area",19300
49180,"Winston-Salem, NC Metro Area",14700
49220,"Wisconsin Rapids-Marshfield, WI Micro Area",13600
49260,"Woodward, OK Micro Area",15600
49300,"Wooster, OH Micro Area",20600
49340,"Worcester, MA-CT Metro Area",39200
49380,"Worthington, MN Micro Area",23500
49420,"Yakima, WA Metro Area",33200
49460,"Yankton, SD Micro Area",24100
49620,"York-Hanover, PA Metro Area",14900
49660,"Youngstown-Warren-Boardman, OH-PA Metro Area",11400
49700,"Yuba City, CA Metro Area",104100
49740,"Yuma, AZ Metro Area",27100
49780,"Zanesville, OH Micro Area",17800
49820,"Zapata, TX Micro Area",33500
