"GISJOIN","CBSA","chg_white_2010_2020","chg_black_2010_2020","chg_aiak_2010_2020","chg_asian_2010_2020","chg_nhpi_2010_2020","chg_other_2010_2020","chg_twoplus_2010_2020"
"G10180","Abilene, TX Metro Area",-5.49548316452231,14.3138542350624,34.8708487084871,39.9275690357628,53.7878787878788,5.42659029243292,303.246352989521
"G10420","Akron, OH Metro Area",-7.65772099832088,3.4855613333805,1.22044241037376,83.5517970401691,19.0751445086705,120.862354892206,177.431552412296
"G10500","Albany, GA Metro Area",-9.70555071863894,-3.28908069097514,-13.5869565217391,14.4496961512492,-62.8378378378378,53.9317507418398,170.49706039551
"G10580","Albany-Schenectady-Troy, NY Metro Area",-7.57431046704798,15.425839877674,41.5057915057915,70.3000882612533,47.7351916376307,76.2059579615908,205.556075203442
"G10740","Albuquerque, NM Metro Area",-21.6501945342592,8.57130823014068,15.7039452170735,29.9821468422227,21.6828478964401,-2.58850234683343,394.059763452651
"G10780","Alexandria, LA Metro Area",-6.20508855223498,-4.36568457538995,-2.45526524148852,17.1199011124845,-6.81818181818182,79.7584650112867,205.344518142801
"G10900","Allentown-Bethlehem-Easton, PA-NJ Metro Area",-9.4331190178673,31.3391557496361,25.1615881809788,33.3366448076735,13.5231316725979,67.7825928207937,289.229679612651
"G11020","Altoona, PA Metro Area",-7.05897511412163,18.9760450915923,14.6853146853147,24.3626062322946,-55.1724137931034,162.62962962963,212.654815772463
"G11100","Amarillo, TX Metro Area",-12.6009879391189,15.1066893572457,43.1341719077568,37.0268199233716,4.80769230769231,27.744976432647,477.021211189671
"G11180","Ames, IA Metro Area",2.14508973583384,37.4772313296903,98.7730061349693,1.44900613041055,70,187.690631808279,296.04743083004
"G11260","Anchorage, AK Metro Area",-7.66943493086801,-8.10794988877181,8.82594270628947,18.3538661047171,71.6269193074159,58.0550360673257,80.705097665555
"G11300","Anderson, IN Metro Area",-5.94013096351731,-6.73173401441211,27.1875,18.4448462929476,-4.44444444444444,59.0978205778003,203.261802575107
"G11340","Anderson, SC Metro Area",3.15396681306652,1.47148567621586,28.8849372384937,71.9288256227758,35.7906976744186,90.6536,287.024109014675
"G11460","Ann Arbor, MI Metro Area",0.314504827156647,-2.16603833938813,1.36286201022147,24.0621195912797,57.03125,78.6246693916807,153.144980127873
"G11500","Anniston-Oxford, AL Metro Area",-9.29085997298514,4.82733163809368,-9.81481481481481,40.8284023668639,23.9583333333333,30.4646251319958,205.26582278481
"G11540","Appleton, WI Metro Area",1.48632035675545,76.4379414732593,6.59340659340659,26.1182108626198,90.1234567901235,52.5196621031168,277.636363636364
"G11700","Asheville, NC Metro Area",2.44914186949671,1.44059277682782,28.3169336384439,37.6476906552095,130.60612244898,74.6410446531554,290.638948565651
"G12020","Athens-Clarke County, GA Metro Area",5.00740159083307,2.8393351800554,95.5555555555556,25.5143462667101,6.52173913043478,40.7705099778271,277.465946843854
"G12060","Atlanta-Sandy Springs-Marietta, GA Metro Area",-5.54015196132142,19.6835875129471,69.1087234871681,56.930434474867,14.3827859569649,52.4850557720175,272.241635009636
"G12100","Atlantic City-Hammonton, NJ Metro Area",-12.6803236692915,-5.93363994743758,19.3333333333333,5.77314882252974,271.739130434783,34.4939657730735,188.503599550056
"G12220","Auburn-Opelika, AL Metro Area",11.6443013419195,24.0399987461208,61.7977528089888,134.33570256971,14.2857142857143,134.490122797651,307.96812749004
"G12260","Augusta-Richmond County, GA-SC Metro Area",-0.99544198597866,6.99287729733853,8.91293147861927,37.3461578239735,25.8474576271186,62.6491264131552,202.536913802552
"G12420","Austin-Round Rock-San Marcos, TX Metro Area",4.70956114056106,25.6550232737035,56.05969372584,96.232115778875,51.7446176688938,35.8437263682926,585.31421646347
"G12540","Bakersfield-Delano, CA Metro Area",-25.6183974099879,2.47133133010364,43.2865257178921,34.2392240142341,20.4472843450479,34.1822244192762,287.70599112426
"G12580","Baltimore-Towson, MD Metro Area",-8.98114977357406,4.12633412892118,25.008923329811,46.8599881214863,-9.13360599863667,143.109624005319,187.495521461511
"G12620","Bangor, ME Metro Area",-5.10279151510197,30.0258843830889,-20.8955223880597,31.1533052039381,4.54545454545455,166.568047337278,203.87398893146
"G12700","Barnstable Town, MA Metro Area",-1.86573024166558,62.5553914327917,-7.55287009063444,40.9269785745518,-4.70588235294118,70.757341576507,237.84301212508
"G12940","Baton Rouge, LA Metro Area",-3.56071584206104,3.69074642108908,21.6043755697356,24.3429766469153,-10.1123595505618,149.8456944712,348.333367409528
"G12980","Battle Creek, MI Metro Area",-8.22266898985837,-2.41393222162453,5.77617328519856,71.7301514456173,-37.5,35.0285171102662,128.890188589162
"G13020","Bay City, MI Metro Area",-8.02949207006338,0.176263219741481,-17.9078014184397,-6.9204152249135,-64.2857142857143,27.8672985781991,169.671790610719
"G13140","Beaumont-Port Arthur, TX Metro Area",-11.0134084919124,0.549951290028597,23.7648221343874,19.5056642636457,25.7575757575758,41.337786762767,340.394088669951
"G13380","Bellingham, WA Metro Area",2.40372258695349,21.6692586832556,10.4522259370051,42.8349788434415,47.3577235772358,47.3620191576707,187.739970872501
"G13460","Bend, OR Metro Area",16.3491958672115,56.1619718309859,7.86749482401656,68.0894308943089,29.5238095238095,42.6761741368218,332.302278988229
"G13740","Billings, MT Metro Area",3.93330139354677,37.5,23.0008382229673,39.5421436004162,98.2905982905983,61.5512465373961,193.434132447187
"G13780","Binghamton, NY Metro Area",-10.0747787610619,31.5046551206327,30.9128630705394,31.1146967863386,5.15463917525773,112.536443148688,181.049099258213
"G13820","Birmingham-Hoover, AL Metro Area",-3.0374768640843,4.33391022479921,44.1062369441958,41.4394922832829,3.95256916996047,44.6841898783837,323.453356385778
"G13900","Bismarck, ND Metro Area",12.7655166290117,355.887230514096,27.020259503756,175.560538116592,600,396.024464831804,269.625
"G13980","Blacksburg-Christiansburg-Radford, VA Metro Area",-5.80720273632694,17.6244118066448,8.68633540372672,57.4216351303106,45.2380952380952,139.997142857143,194.854276315789
"G14020","Bloomington, IN Metro Area",-6.38666712436923,14.7014115092291,-7.10172744721689,15.8622559652928,-25.3731343283582,67.8058783321941,192.659137577002
"G14060","Bloomington-Normal, IL Metro Area",-7.55002098782706,20.6824400450668,26.1096605744125,12.6608551266085,12.7272727272727,65.7318478678448,174.479431183342
"G14260","Boise City-Nampa, ID Metro Area",12.843780490729,75.2690100430416,24.6876183263915,46.1940365732817,60.7644305772231,34.325639724105,315.009175351155
"G14460","Boston-Cambridge-Quincy, MA-NH Metro Area",-5.81469474904809,9.88920951909493,31.0814076556712,45.5091051704057,3.55466130114017,63.5857996414099,249.738843156995
"G14500","Boulder, CO Metro Area",-0.359524931001322,34.0051342812006,36.9541484716157,35.5623506140278,58.3815028901734,45.8632589319723,318.718817408958
"G14540","Bowling Green, KY Metro Area",3.78005908971914,24.3416030534351,45.7386363636364,129.292614521658,430,122.626176218991,257.114147909968
"G14740","Bremerton-Silverdale, WA Metro Area",-0.469588029068954,17.8195488721805,6.58415841584158,16.2632300742175,28.5277056277056,105.587394743557,118.933628624818
"G14860","Bridgeport-Stamford-Norwalk, CT Metro Area",-14.8295669922729,7.49015777762115,83.2634228187919,21.4194494371393,-21.4932126696833,72.2108397093191,327.979856833694
"G15180","Brownsville-Harlingen, TX Metro Area",-53.9625321498601,-3.66589327146172,70.7938388625592,4.35105987355894,31.858407079646,100.809422378148,2625.51624779894
"G15260","Brunswick, GA Metro Area",-2.76576599095158,-7.48495059251126,36.1516034985423,26.8924302788845,15.8878504672897,25.8620689655172,225.066524747206
"G15380","Buffalo-Niagara Falls, NY Metro Area",-6.2069203607227,9.18923203297258,-2.08714756499451,90.7035764485397,16.3701067615658,69.3223254213966,202.893010524329
"G15500","Burlington, NC Metro Area",-1.5525879724446,19.7574817582573,39.7058823529412,54.9265106151334,81.0344827586207,66.0969755677537,273.598852040816
"G15540","Burlington-South Burlington, VT Metro Area",-0.282149400378607,48.9738543716615,-5.29081632653061,63.3414319501183,4.54545454545455,152.272727272727,215.464438122333
"G15940","Canton-Massillon, OH Metro Area",-6.29065864585092,1.96735946436044,18.0154142581888,15.2782701169798,44.7058823529412,137.408036219581,187.843554732701
"G15980","Cape Coral-Fort Myers, FL Metro Area",3.33846417498871,15.3654859112182,74.5554035567716,54.7098451719655,-17.8947368421053,87.7225486959393,655.370773416246
"G16020","Cape Girardeau-Jackson, MO-IL Metro Area",-3.65650775566394,-1.42563730820346,-1.73010380622837,42.8723404255319,-37.9310344827586,20.3087885985748,237.202199144777
"G16180","Carson City, NV Metro Area",-11.0585399602741,8.34914611005693,11.7151607963247,19.8983911939035,33.6633663366337,36.2728146013449,365.555555555556
"G16220","Casper, WY Metro Area",-0.99407269870742,18.9473684210526,34.8271446862996,27.2549019607843,135.897435897436,27.9141104294479,229.613259668508
"G16300","Cedar Rapids, IA Metro Area",-1.35157612679794,92.0054200542005,-3.49013657056146,39.2226148409894,189.130434782609,104.355828220859,189.990557129367
"G16580","Champaign-Urbana, IL Metro Area",-11.5028142061124,14.9268603770577,37.315875613748,36.4180096361522,-39.2857142857143,79.7592510031208,180.643884892086
"G16620","Charleston, WV Metro Area",-9.1146577577057,-2.07443563148261,-1.81518151815182,13.8911454102356,-11.7647058823529,147.489823609227,176.542909685329
"G16700","Charleston-North Charleston-Summerville, SC Metro Area",17.4055621978002,-0.160309533254718,35.8012504113195,50.9938060460386,19.39586645469,88.1240498631803,275.34364879453
"G16740","Charlotte-Gastonia-Rock Hill, NC-SC Metro Area",3.33841041673944,19.2512247539212,44.1962229387379,91.953900388683,13.1445904954499,69.8901642905324,300.734250469567
"G16820","Charlottesville, VA Metro Area",1.64027547378474,-5.27217332430603,21.5826771653543,65.8307281738467,2.31395348837209,72.9805013927577,214.023089497344
"G16860","Chattanooga, TN-GA Metro Area",0.393214872484218,-3.93047654128979,44.1111111111111,36.3310838727448,-19.7333333333333,77.6888145315488,302.458684456929
"G16940","Cheyenne, WY Metro Area",-0.747490918046918,9.9644128113879,27.9043280182232,32.7868852459016,21.1267605633803,30.4772857964347,266.880113838492
"G16980","Chicago-Joliet-Naperville, IL-IN-WI Metro Area",-15.9490397696851,-4.1944892839763,139.762354551677,28.7336172417094,15.6366092536305,30.7967412183751,327.095082722186
"G17020","Chico, CA Metro Area",-16.9570673418621,6.70571010248902,2.2070534698521,16.2967870155681,26.7699115044248,49.4769788320567,136.355802374569
"G17140","Cincinnati-Middletown, OH-KY-IN Metro Area",-2.35235741843081,6.79722944061273,45.6760048721072,67.3310820840137,45.5261274158912,109.821031569586,226.885723715947
"G17300","Clarksville, TN-KY Metro Area",5.08827223878216,22.3225703324808,8.23529411764706,39.3784683684795,28.6153846153846,79.2410327499567,175.718910683679
"G17420","Cleveland, TN Metro Area",0.19086242590964,24.1508550011712,30.4568527918782,43.0894308943089,131.147540983607,64.1246412464125,353.760222110045
"G17460","Cleveland-Elyria-Mentor, OH Metro Area",-6.4479875609569,-1.51802519878616,17.3323471400394,32.8957109718178,30.1507537688442,51.8935952759482,199.536529788749
"G17660","Coeur d'Alene, ID Metro Area",16.533100486075,25.4807692307692,8.08534531162268,47.7627471383975,67.4418604651163,122.670509125841,277.007525586996
"G17780","College Station-Bryan, TX Metro Area",-2.74286516216491,8.58731271680568,73.9700374531835,46.2796162130409,106.50406504065,50.9432883603933,523.695318495779
"G17820","Colorado Springs, CO Metro Area",3.89856367193681,13.8723382208176,25.03653190453,31.7247386759582,40.6618313689937,41.1579801915895,195.717503475977
"G17860","Columbia, MO Metro Area",3.4426218118404,19.1715144153935,-1.04321907600596,27.1799027552674,31.9587628865979,145.59894109861,191.475960529078
"G17900","Columbia, SC Metro Area",-0.291731029781059,5.48221901655795,23.5979606700656,47.3945214105793,9.72644376899696,44.5266043753147,230.259118490365
"G17980","Columbus, GA-AL Metro Area",-5.07054124277719,10.3195264780757,5.40997464074387,37.4673366834171,30.4953560371517,45.8089976322021,169.229805886036
"G18020","Columbus, IN Metro Area",-4.44757642682785,28.5915492957746,45.933014354067,104.787234042553,2.08333333333333,57.8195181706819,313.366336633663
"G18140","Columbus, OH Metro Area",1.0857792519788,22.3176305015353,44.9200376293509,83.5021126514649,-22.4379719525351,86.5019011406844,186.378293371249
"G18580","Corpus Christi, TX Metro Area",-28.7848895958878,5.04296848977417,38.9571694599628,41.6331994645248,44.7761194029851,34.9218318001307,972.05370942813
"G18700","Corvallis, OR Metro Area",0.141250369097798,32.0158102766798,30.622009569378,45.1343418378867,37.0892018779343,58.135516372796,190.588235294118
"G18880","Crestview-Fort Walton Beach-Destin, FL Metro Area",3.60139717018461,17.0447103649461,12.9213483146067,27.6651651651652,38.135593220339,123.190423162584,232.812279960569
"G19060","Cumberland, MD-WV Metro Area",-11.4010397247286,-10.9544787077827,20.2702702702703,26.7315634218289,-15.625,153.097345132743,176.242503259452
"G19100","Dallas-Fort Worth-Arlington, TX Metro Area",-10.2018487100123,26.9656710723164,70.6821848352155,77.6388494390972,51.5655261459006,37.0519497764728,492.796548789239
"G19140","Dalton, GA Metro Area",-13.557656020993,-1.05134474327628,222.643818849449,7.95297372060857,-58.9473684210526,13.3929533455447,358.491142333537
"G19180","Danville, IL Metro Area",-14.914531437993,-1.41897644499101,22.5130890052356,2.30496453900709,-41.1764705882353,38.2674516400336,127.119209039548
"G19260","Danville, VA Metro Area",-9.5173340735438,-1.48392841754517,57.0840707964602,38.013698630137,-20.6896551724138,61.8166526492851,195.282454760031
"G19340","Davenport-Moline-Rock Island, IA-IL Metro Area",-8.0435208542529,23.2753286929621,47.0529470529471,53.1698365031698,-5.34351145038168,25.0228681776603,183.772144465107
"G19380","Dayton, OH Metro Area",-5.08007507735107,1.73235305806144,7.22706304459252,31.4269721426712,37.1024734982332,122.418916624215,172.5469576034
"G19460","Decatur, AL Metro Area",-5.95406838125046,3.49831705567511,-19.9332220367279,27.8308321964529,-17.6991150442478,40.8573342263898,189.250390421655
"G19500","Decatur, IL Metro Area",-13.7171134255307,5.65817939757031,4.86725663716814,35.5098389982111,12.5,63.7566137566138,122.076978939724
"G19660","Deltona-Daytona Beach-Ormond Beach, FL Metro Area",-1.9823346135758,11.5811627502848,17.2665916760405,41.2580943570768,49.5098039215686,90.0324428798233,423.13986679353
"G19740","Denver-Aurora-Broomfield, CO Metro Area",-0.276102895564205,16.0457492594042,41.8998371011959,46.206297537365,70.9120521172638,27.9949869778918,318.08869869034
"G19780","Des Moines-West Des Moines, IA Metro Area",6.97027470934912,43.6762911752745,58.3233532934132,74.3612078977933,26.537216828479,56.2709030100334,275.38675615945
"G19820","Detroit-Warren-Livonia, MI Metro Area",-5.31475482351285,-1.97613139259382,-2.49798007002424,50.183984828328,19.5583596214511,67.9202976765324,178.169149970412
"G20020","Dothan, AL Metro Area",-2.65359045688151,3.68422616394806,0.137551581843191,53.4537725823592,25.4237288135593,52.8240989779451,231.43343258188
"G20100","Dover, DE Metro Area",-2.10114637405795,20.7774008686043,10.1629913710451,33.97277676951,37.3626373626374,74.8992272024729,176.203739297571
"G20220","Dubuque, IA Metro Area",0.252009263043182,65.9694288012872,46.6292134831461,17.0842824601367,187.847222222222,108.949416342412,198.60312243221
"G20260","Duluth, MN-WI Metro Area",-4.18143223789583,43.2715551974214,1.44489301574485,1.9047619047619,27.6315789473684,178.559176672384,137.153140761119
"G20500","Durham-Chapel Hill, NC Metro Area",6.44675456728679,5.65981412448825,54.3473600635173,40.9925858951175,-5.80912863070539,49.5930079568949,258.982306030902
"G20740","Eau Claire, WI Metro Area",1.76726972598217,25.5387931034483,13.7003841229193,32.0560058953574,126.666666666667,118.402282453638,239.786381842457
"G20940","El Centro, CA Metro Area",-53.6464072235819,-24.4413649748831,39.4573389996731,7.24586704185719,0,34.5620361360731,544.845894845895
"G21060","Elizabethtown, KY Metro Area",-1.88301119023398,3.79746835443038,-5.5363321799308,8.31376232973227,23.314606741573,50.2965599051008,154.359879032258
"G21140","Elkhart-Goshen, IN Metro Area",-7.52417700498193,0.57486512779694,89.1566265060241,18.7467362924282,-3.7037037037037,48.6546782044348,274.680203045685
"G21300","Elmira, NY Metro Area",-10.5470287288469,-8.80233356211393,3.00429184549356,35.4777672658467,-25,72.4954462659381,141.821247892074
"G21340","El Paso, TX Metro Area",-52.245914340031,16.8516731016731,72.0825703346096,45.738773539353,88.6886886886887,124.712396773116,1474.63966707268
"G21500","Erie, PA Metro Area",-10.0327585440827,2.1285040932771,-15.7243816254417,107.34481637959,-33.3333333333333,43.8873413803776,172.116366110922
"G21660","Eugene-Springfield, OR Metro Area",-0.479891208136863,38.3199762540813,14.8402948402948,15.5970920451814,31.9895968790637,52.6482667479923,164.556911955262
"G21780","Evansville, IN-KY Metro Area",-5.03165136049675,7.1341435864998,12.3859191655802,36.5497076023392,312.972972972973,64.3301670488045,181.474846992088
"G21820","Fairbanks, AK Metro Area",-12.2486065846358,-9.24711734117115,9.82424771042303,19.7993052875338,52.5252525252525,54.7005532503458,82.4312696747114
"G22020","Fargo, ND-MN Metro Area",7.69094545606067,278.290398126464,43.0038022813688,56.4412973960713,65.7534246575342,115.912518853695,224.683544303797
"G22140","Farmington, NM Metro Area",-24.8061090561985,-5.55555555555556,4.9978589420655,89.2561983471074,-4.05405405405405,-10.998842227134,143.71283858181
"G22180","Fayetteville, NC Metro Area",-12.094509431519,8.65362522867058,-0.21632822213012,30.9755743332453,24.2175856929955,54.1365284565663,128.174233490566
"G22220","Fayetteville-Springdale-Rogers, AR-MO Metro Area",5.66880073800738,54.325576216457,35.6148349292554,80.9591206395349,147.513812154696,34.1827476038339,381.672712871287
"G22380","Flagstaff, AZ Metro Area",0.434919907915191,20.3720073664825,-1.33229830582339,44.807150595883,59.7560975609756,9.51516452074392,215.293845779616
"G22420","Flint, MI Metro Area",-8.86535934945006,-9.3195048055647,-22.5133214920071,5.38798659448311,54.4303797468354,57.9819316688568,138.543663761801
"G22500","Florence, SC Metro Area",-8.48064891348407,-2.78447090351321,-9.11854103343465,39.6478121664888,145.161290322581,31.3342631334263,217.765168048887
"G22520","Florence-Muscle Shoals, AL Metro Area",-2.52540334621997,2.79611650485437,5.45454545454545,31.5098468271335,-24.0740740740741,65.030262273033,232.635983263598
"G22540","Fond du Lac, WI Metro Area",-4.22685369065786,85.1340996168582,7.43099787685775,9.40766550522648,66.6666666666667,85.4117647058823,292.61796042618
"G22660","Fort Collins-Loveland, CO Metro Area",9.11574205487582,52.6,30.4623753399819,47.2068965517241,45.0892857142857,41.8071546052632,326.565464895636
"G22900","Fort Smith, AR-OK Metro Area",-12.0981856126752,-1.23123179554638,10.3944464973869,12.8850331925166,-2,11.8449085784491,132.298870932035
"G23060","Fort Wayne, IN Metro Area",-1.62183242726532,7.30634013345132,30.1980198019802,87.3250780227525,-18.5929648241206,58.7308939323761,168.000722739181
"G23420","Fresno, CA Metro Area",-27.2674683826884,-1.64771924156453,40.8588408204997,26.8261020401312,18.5053380782918,31.2066701983094,286.423402544577
"G23460","Gadsden, AL Metro Area",-6.25007456187443,-4.11496581413016,64.9553571428571,37.9464285714286,-68.4210526315789,38.1772151898734,240.258899676375
"G23540","Gainesville, FL Metro Area",-1.13941733492578,3.47408116610328,7.71028037383178,36.4422715306506,-19.1780821917808,127.082865483943,321.960553429497
"G23580","Gainesville, GA Metro Area",-1.83227850477112,10.4162211009865,114.42663378545,31.8660880347179,-35.9281437125749,17.1792588451402,462.601463907118
"G24020","Glens Falls, NY Metro Area",-6.60113955489181,1.24848973016512,26.4705882352941,49.4459833795014,14.2857142857143,87.5,330.968967701077
"G24140","Goldsboro, NC Metro Area",-13.4373050530256,-7.05992363438011,41.3721413721414,10.1327742837177,20.3125,27.3056057866184,168.838526912181
"G24220","Grand Forks, ND-MN Metro Area",-2.85800140229041,147.823421213979,7.39336492890995,75.6291390728477,50,54.3809523809524,184.01766004415
"G24300","Grand Junction, CO Metro Area",-2.44776301446094,23.1016042780749,10.8751608751609,49.5093666369313,29.1925465838509,-0.723533891850724,289.262779347547
"G24340","Grand Rapids-Wyoming, MI Metro Area",-0.291184391384654,9.76900017633574,23.1637001754826,54.0558917522268,-2.1978021978022,38.1616939364774,188.613718060818
"G24500","Great Falls, MT Metro Area",-3.19421635622176,18.4158415841584,14.8264984227129,39.1812865497076,38.2022471910112,116.539923954373,128.537835086529
"G24540","Greeley, CO Metro Area",10.6392406271172,83.7860897695107,51.7653532126375,94.1760423560556,68.9814814814815,34.8066810898023,509.488562970937
"G24580","Green Bay, WI Metro Area",-0.841248504365038,51.8906444168294,12.6876980300317,26.2218999274837,12.280701754386,31.5608023401588,261.170568561873
"G24660","Greensboro-High Point, NC Metro Area",-6.42358293895263,12.2638391165485,22.7239784117193,50.1982221799686,-5.18292682926829,53.5103074270938,221.001753019088
"G24780","Greenville, NC Metro Area",-10.1350193313623,3.74589472715843,21.6059782608696,16.1266294227188,14.5631067961165,38.2761277668815,176.500540248514
"G24860","Greenville-Mauldin-Easley, SC Metro Area",4.38291546474112,6.0745361484325,74.0521300448431,46.3291914116035,60.8655737704918,75.4110297285653,336.406126126126
"G25060","Gulfport-Biloxi, MS Metro Area",-1.80795894972433,22.9081047251486,22.8130360205832,12.7435764787032,1.3840830449827,57.9396174233694,212.962962962963
"G25180","Hagerstown-Martinsburg, MD-WV Metro Area",-0.973890004700654,25.4131659126581,39.236641221374,57.1045576407507,30.5555555555556,152.134146341463,221.495050967647
"G25260","Hanford-Corcoran, CA Metro Area",-26.257723391186,-18.0769929181042,43.2864949258392,5.3914590747331,52.0295202952029,11.6404549260396,223.411639081687
"G25420","Harrisburg-Carlisle, PA Metro Area",-3.19758918749711,10.7491682826594,34.4521224086871,98.1158320687911,47.5308641975309,107.008281573499,188.346674876847
"G25500","Harrisonburg, VA Metro Area",-2.83767674093817,39.1972633979476,75,39.7589531680441,-31.9444444444444,52.9611682166748,287.019805825243
"G25540","Hartford-West Hartford-East Hartford, CT Metro Area",-12.9175442642823,7.03404861705918,31.1635674931129,42.1576712647078,14.0992167101828,30.3229997484426,235.776096068126
"G25620","Hattiesburg, MS Metro Area",-0.323382522196648,10.8447149643705,23.1884057971014,63.8605442176871,20.5882352941176,90.6779661016949,258.294017094017
"G25860","Hickory-Lenoir-Morganton, NC Metro Area",-7.29033865182118,-6.72261933126836,142.600513259196,19.0991957104558,-53.4177215189873,39.5617586063874,250.297521982414
"G25980","Hinesville-Fort Stewart, GA Metro Area",-9.65636003803943,5.80585840010508,1.78173719376392,14.6108663729809,27.0089285714286,25.4475254475255,128.782608695652
"G26100","Holland-Grand Haven, MI Metro Area",4.69537700199463,40.9912235415591,26.3803680981595,20.0356188780053,47.2972972972973,32.9295398977551,281.079055826152
"G26180","Honolulu, HI Metro Area",-5.16776362135942,7.61840465309514,-6.56275635767022,4.40787744078774,12.3473227843923,66.4626565936693,16.7342608760961
"G26300","Hot Springs, AR Metro Area",-4.99423846487633,6.62547603414314,36.6269165247019,39.8561151079137,57.7777777777778,77.0677521008403,261.198283649503
"G26380","Houma-Bayou Cane-Thibodaux, LA Metro Area",-8.63543306070848,5.92592592592593,-4.70718232044199,13.3044889129259,-21.978021978022,53.158779726159,202.97246588694
"G26420","Houston-Sugar Land-Baytown, TX Metro Area",-17.0429279065182,20.8908386342034,92.6012135160582,52.9396643248065,49.9740932642487,56.454812270127,525.736314056677
"G26580","Huntington-Ashland, WV-KY-OH Metro Area",-7.37542941152748,-2.18116499871696,-9.63302752293578,29.7118847539016,13.0434782608696,120.206489675516,173.532992451911
"G26620","Huntsville, AL Metro Area",8.40881181602925,16.0431694289962,18.9799870884442,32.3430188268582,36.8550368550369,49.170579029734,271.017175768796
"G26820","Idaho Falls, ID Metro Area",10.6321001226164,11.7739403453689,47.5327291037261,61.3138686131387,72.4770642201835,40.5081775700935,307.811892732219
"G26900","Indianapolis-Carmel, IN Metro Area",0.643738116570712,16.5508626450398,58.2946390882229,104.69223771983,16.9376693766938,61.5538970640006,243.169527392429
"G26980","Iowa City, IA Metro Area",3.45050760466289,102.061695861107,14.2857142857143,26.4693077927732,-28.125,85.4205607476636,229.180627474871
"G27060","Ithaca, NY Metro Area",-6.29489760665229,14.3532338308458,-1.94444444444444,20.5448094311549,4.44444444444444,142.978723404255,164.72915398661
"G27100","Jackson, MI Metro Area",-5.15988527261987,-0.839940340686082,10.8108108108108,31.3104661389622,-9.09090909090909,54.0849673202614,159.262948207171
"G27140","Jackson, MS Metro Area",-1.44262220692837,-1.75705487100276,25.1378169790518,38.7182203389831,-11.2676056338028,51.5054127198917,246.71846248211
"G27180","Jackson, TN Metro Area",-5.98522806394801,0.798279801102002,39.84375,33.5378323108384,-42.4242424242424,40.8152994464016,209.365910413031
"G27260","Jacksonville, FL Metro Area",5.24116883945471,16.499875376006,11.1898831193715,45.5143890344514,40.1815181518152,139.698903616429,301.938193478816
"G27340","Jacksonville, NC Metro Area",4.14924386351546,1.29372651055218,17.9321486268174,40.9239940387481,69.1991786447639,79.4682162352527,187.201522384209
"G27500","Janesville, WI Metro Area",-5.26769053397195,4.1742291301078,70.1550387596899,26.319018404908,84.6153846153846,25.3695359784802,218.400053951983
"G27620","Jefferson City, MO Metro Area",-4.07789025920832,-6.72464807675065,-5.32110091743119,-2.18579234972678,57.5,51.1489361702128,242.163882259348
"G27740","Johnson City, TN Metro Area",-1.59454899276038,13.8324420677362,26.0223048327138,35.8378056052475,40.8163265306122,57.590051457976,287.678987678988
"G27780","Johnstown, PA Metro Area",-11.0530449832108,11.6022596706243,-8.2312925170068,6.65980795610425,27.5862068965517,29.2431972789116,222.981797497156
"G27860","Jonesboro, AR Metro Area",-0.380432617615424,40.5202913631634,14.214463840399,56.5178571428571,87.8787878787879,49.1221374045802,281.728395061728
"G27900","Joplin, MO Metro Area",-5.49160825670375,6.24768946395564,20.0192492781521,19.0500774393392,57.625,44.1538721106799,184.842448388265
"G28020","Kalamazoo-Portage, MI Metro Area",-4.5862438278558,7.94968056378845,21.1805555555556,34.4434389140271,10.4761904761905,38.162272843614,149.931893364468
"G28100","Kankakee-Bradley, IL Metro Area",-13.2504489350578,-9.39081864199686,51.0489510489511,3.61216730038023,-32.3529411764706,39.471346068414,223.82556203164
"G28140","Kansas City, MO-KS Metro Area",-1.21880783619131,3.14959392398697,25.4000191625946,45.8363081716103,44.2265795206972,37.3611682435212,255.05751826894
"G28420","Kennewick-Pasco-Richland, WA Metro Area",0.126690246650811,26.7731456415809,64.1358669833729,35.5265306122449,133.055555555556,33.1342461712431,363.518011278628
"G28660","Killeen-Temple-Fort Hood, TX Metro Area",-5.03898178801588,24.0448186691895,31.6074879227053,31.3920169687621,57.8728840625998,40.7706266634406,232.006884076177
"G28700","Kingsport-Bristol-Bristol, TN-VA Metro Area",-4.26639836860372,-2.01744875487041,-0.127371273712745,35.9816152330926,-20.7792207792208,52.2277227722772,270.046870534438
"G28740","Kingston, NY Metro Area",-10.4030749001163,0.737570570023675,38.8609715242881,24.275595621378,85.2941176470588,84.7203874944958,215.332805071315
"G28940","Knoxville, TN Metro Area",2.26488139071551,5.99192450978205,47.1394799054374,46.2149022720508,-10.6609808102345,98.0619400077912,287.656212206724
"G29020","Kokomo, IN Metro Area",-5.38751618168515,14.9413207216675,-10.0323624595469,34.1614906832298,4,62.0347394540943,159.93633469759
"G29100","La Crosse, WI-MN Metro Area",0.0856981709773593,22.2659263588545,6.84410646387833,18.1736700476092,0,199.731070496084,182.979267116683
"G29140","Lafayette, IN Metro Area",-6.13758019159367,63.6155933171498,61.7529880478088,27.4196544677689,5.55555555555556,45.8319922755069,332.792925571113
"G29180","Lafayette, LA Metro Area",-0.74548848786559,4.20273005799321,20.1446280991736,53.1386802575107,-5.95238095238095,112.105667900883,278.005792400371
"G29340","Lake Charles, LA Metro Area",1.35875157276666,15.5195089872863,20.7698072805139,84.7041847041847,49.4623655913978,173.684210526316,221.470431539691
"G29420","Lake Havasu City-Kingman, AZ Metro Area",-2.38443046273824,18.0127523910733,15.2222222222222,30.0047551117451,19.941348973607,5.7302527316707,269.743309666849
"G29460","Lakeland-Winter Haven, FL Metro Area",-3.0517561951534,18.7993200724956,43.5328898743533,38.4631147540984,28.6111111111111,109.599050141565,536.382762130981
"G29540","Lancaster, PA Metro Area",-1.63526167446449,17.6464407670081,10.6276150627615,43.4787018255578,3.04878048780488,45.4221797119932,242.505636702284
"G29620","Lansing-East Lansing, MI Metro Area",-5.6656468300519,8.63622092882846,-1.96162046908316,19.140558123609,13.6054421768707,30.9267734553776,136.549213366272
"G29700","Laredo, TX Metro Area",-53.3503480910623,3.00353356890459,64.1153081510934,-4.03005464480874,76.6666666666667,131.248353963656,2812.25264299268
"G29740","Las Cruces, NM Metro Area",-32.7636154823891,11.3785557986871,29.9332697807436,21.239335428828,5.40540540540541,14.2535866614967,847.304539722572
"G29820","Las Vegas-Paradise, NV Metro Area",-14.4552028764965,40.2707714589072,64.5749549299681,40.7697638466869,50.9539184032873,32.6994430603491,234.129850791319
"G29940","Lawrence, KS Metro Area",-1.03878633883865,21.6662841404636,-0.0338868180277872,13.0004823926676,32.3076923076923,72.5319006044325,152.951096121417
"G30020","Lawton, OK Metro Area",-13.3694184709235,-8.61599520051687,-0.399119185246353,13.1076701476413,27.8425655976676,42.2500681013348,93.5142537034732
"G30140","Lebanon, PA Metro Area",-2.59612062583288,12.0623916811092,8,45.7273320287019,127.777777777778,82.865440464666,349.273323956868
"G30300","Lewiston, ID-WA Metro Area",0.315083718762328,47.8468899521531,9.40988835725678,36.3636363636364,-8.21917808219178,67.688679245283,170.167112299465
"G30340","Lewiston-Auburn, ME Metro Area",-3.31602277389207,66.1409310607988,2.68948655256724,16.452442159383,81.25,81.6192560175055,167.578849721707
"G30460","Lexington-Fayette, KY Metro Area",0.681148221287313,12.0861478218306,48.5940246045694,40.5071521456437,21.7616580310881,53.3617323393681,223.515394147364
"G30620","Lima, OH Metro Area",-9.35693519963183,-0.522193211488251,44.9275362318841,13.5135135135135,253.333333333333,71.5976331360947,123.068669527897
"G30700","Lincoln, NE Metro Area",3.80251387158872,38.9178356713427,24.0766073871409,40.9648161068474,39.4736842105263,56.3198118753674,193.081215127092
"G30780","Little Rock-North Little Rock-Conway, AR Metro Area",-4.37645526792509,11.7461971485869,31.1197549770291,33.8418040737148,12.8686327077748,66.6304787994283,273.336325914749
"G30860","Logan, UT-ID Metro Area",11.8824036777194,57.3793103448276,62.9878869448183,11.5114646700983,60.7223476297968,11.7638129933212,275.053304904051
"G30980","Longview, TX Metro Area",-9.59026938520915,-1.86622271152762,22.0830070477682,19.9179847685999,17.9487179487179,20.1031592520954,315.634408602151
"G31020","Longview, WA Metro Area",-0.280183157825389,27.7258566978193,9.55414012738854,18.1333333333333,187.931034482759,32.6993006993007,166.730245944532
"G31100","Los Angeles-Long Beach-Santa Ana, CA Metro Area",-31.3959470440232,-6.54608546767472,121.839775725594,17.0920273002846,-5.33457458812909,29.3620326727796,241.607048041348
"G31140","Louisville/Jefferson County, KY-IN Metro Area",-2.57809093680185,9.52432328073274,40.7670893906588,61.0458752114638,36.3380281690141,85.1934343678884,251.467361723332
"G31180","Lubbock, TX Metro Area",-11.4973468359487,29.6252540050092,56.5301204819277,68.6577530821323,29.6875,26.930658218937,530.858369098713
"G31340","Lynchburg, VA Metro Area",-0.830238699950418,-3.96746497966561,4.86725663716814,6.47567890182035,60.7594936708861,141.692307692308,209.287646528404
"G31420","Macon, GA Metro Area",-8.57301972089366,3.19317573860146,-0.909090909090909,24.3370258475999,-50,76.898481215028,200.064766839378
"G31460","Madera-Chowchilla, CA Metro Area",-30.9223342085204,-18.3513945638657,85.541586073501,39.4361170592434,6.79012345679012,31.8967362225789,302.444444444444
"G31540","Madison, WI Metro Area",4.13299581048234,20.4236931666093,34.8996573666177,54.7794587683784,32,51.8681684778298,227.139291527789
"G31700","Manchester-Nashua, NH Metro Area",-3.27956416210827,31.8028440588094,6.24349635796046,27.5653852092018,0.714285714285714,79.5048332527791,267.696939161103
"G31740","Manhattan, KS Metro Area",-3.04543185222167,4.73094980137234,-2.65957446808511,13.5817024286725,69.0476190476191,53.0626780626781,132.665809296344
"G31860","Mankato-North Mankato, MN Metro Area",-2.35049852330513,135.755813953488,69.6750902527076,43.0357142857143,108.695652173913,147.798742138365,238.631790744467
"G31900","Mansfield, OH Metro Area",-3.42702305501975,-3.39055427448971,2.5,-1.85643564356436,56.7567567567568,133.257403189066,168.296795952782
"G32580","McAllen-Edinburg-Mission, TX Metro Area",-55.9078059235765,3.91770628146203,137.736577829278,20.994918427387,86.1702127659574,189.121946923438,3341.12258818944
"G32780","Medford, OR Metro Area",-1.09840596763092,26.3848396501458,16.5549036043588,43.2741116751269,45.7142857142857,27.5978260869565,245.061121258957
"G32820","Memphis, TN-MS-AR Metro Area",-10.3856242518412,1.8403009435265,34.0476190476191,32.1908574696679,-4.56769983686786,56.7746765051866,248.241858703884
"G32900","Merced, CA Metro Area",-29.5502793484341,-7.7372556921217,116.469910739994,9.97557867912508,38.4219554030875,42.2085693768451,313.739626121217
"G33100","Miami-Fort Lauderdale-Pompano Beach, FL Metro Area",-37.9509273705566,2.15098551555143,62.3230692823442,30.7588162212099,-5.47538200339559,203.302515936972,1131.87785714286
"G33140","Michigan City-La Porte, IN Metro Area",-6.05734270208025,0.741604866261145,40.8496732026144,29.3310463121784,19.047619047619,53.6837376460018,198.466378293354
"G33260","Midland, TX Metro Area",-6.55068279804752,21.5912842522285,53.0108588351431,132.244897959184,253.703703703704,36.3398454141562,890.948012232416
"G33340","Milwaukee-Waukesha-West Allis, WI Metro Area",-8.46988437119097,-1.92253170376614,9.87869857361783,44.1074956042286,0,27.1923515481098,235.2048921987
"G33460","Minneapolis-St. Paul-Bloomington, MN-WI Metro Area",-0.506636231236495,38.5725553994429,16.870544750506,41.1093618696082,-3.18148951554591,57.5223078022106,164.734209018381
"G33540","Missoula, MT Metro Area",0.218752467429924,68.9887640449438,14.8676880222841,17.7993527508091,19.047619047619,450,185.649314104819
"G33660","Mobile, AL Metro Area",-7.68036614155811,2.28124650330088,10.2146155935887,13.5431821187674,14.7058823529412,54.3886743886744,234.290933244769
"G33700","Modesto, CA Metro Area",-23.933797155409,8.0974118606073,78.6343612334802,33.3001149865849,25.5219053219641,47.2929241003931,204.618058804477
"G33740","Monroe, LA Metro Area",-5.1185085570068,2.69773069649669,33.7129840546697,56.6919973100202,-23.5294117647059,146.134185303514,295.099582898853
"G33780","Monroe, MI Metro Area",-4.12257102233126,27.8347235094223,16.4882226980728,13.895486935867,-7.69230769230769,50.3129890453834,258.515769944341
"G33860","Montgomery, AL Metro Area",-6.92696557855963,5.01161112157158,20.7780725022104,64.1496481894629,-18.0451127819549,38.7827775979281,217.694316127736
"G34060","Morgantown, WV Metro Area",0.525737863108508,60.7985480943739,25.4807692307692,27.5342924054868,31.0344827586207,192.142857142857,287.582697201018
"G34100","Morristown, TN Metro Area",-1.5828468792097,-14.9375339489408,68.4705882352941,49.0753911806543,279.310344827586,35.4084798345398,278.835489833641
"G34580","Mount Vernon-Anacortes, WA Metro Area",-0.931758476315569,14.7286821705426,14.3879173290938,36.1538461538462,84.9557522123894,20.952757461949,267.210484086654
"G34620","Muncie, IN Metro Area",-10.0694179571287,1.2644242573042,-9.93377483443709,22.3776223776224,-3.33333333333333,141.394658753709,142.013748483623
"G34740","Muskegon-Norton Shores, MI Metro Area",-2.8755293109334,-3.91447632826943,-1.91897654584222,17.2157279489904,42.8571428571429,43.6071126164268,151.196563714461
"G34820","Myrtle Beach-North Myrtle Beach-Conway, SC Metro Area",25.8350312222475,10.1665101375615,25.8569194683346,65.2340198863636,4.91803278688525,46.5634711929237,310.516374714394
"G34900","Napa, CA Metro Area",-21.8877826198411,-7.65779610194902,84.2618147448015,16.9117423831725,-6.06720430107527,27.9189849436634,271.851612903226
"G34940","Naples-Marco Island, FL Metro Area",-4.66866719090788,10.7269881917769,82.5743544078362,58.8537211291702,-26.4,64.4026104417671,791.561181434599
"G34980","Nashville-Davidson--Murfreesboro--Franklin, TN Metro Area",9.46249072180472,13.254961529571,67.0397529911231,67.077067151435,12.485414235706,92.5698059630857,308.979854264895
"G35300","New Haven-Milford, CT Metro Area",-15.6516384797687,8.26854802002731,62.515018021626,23.9797772857945,40.7185628742515,49.4007425790193,261.114521220624
"G35380","New Orleans-Metairie-Kenner, LA Metro Area",-7.28543057756045,4.35431823619034,17.0839753466872,17.3415178571429,-1.59362549800797,97.7943561466104,352.67155646162
"G35620","New York-Northern New Jersey-Long Island, NY-NJ-PA Metro Area",-16.1495045834264,-3.71213662220128,63.4144032299853,33.6008211851282,22.6595249184909,61.467382089532,227.981653457461
"G35660","Niles-Benton Harbor, MI Metro Area",-7.48835542816195,-10.8873819528227,13.0695443645084,30.110159118727,1.69491525423729,52.0014169323415,186.839295248265
"G35840","North Port-Bradenton-Sarasota, FL Metro Area",6.89778566387209,6.20479965251385,48.9190548014077,67.7146787188053,29.8295454545455,65.5544809800129,500.528465049243
"G35980","Norwich-New London, CT Metro Area",-10.5095975809567,0.0062402496099844,-0.678642714570858,-4.99982429939383,41.6666666666667,51.4560880531988,141.486785678668
"G36100","Ocala, FL Metro Area",0.1039942747238,8.77584010972862,16.6539343009931,37.7808032675289,18.75,87.8153910849453,447.387731141767
"G36140","Ocean City, NJ Metro Area",-6.67628106078815,-21.8619934282585,23.4146341463415,8.87290167865707,-22.2222222222222,37.3905794080867,205.600430802369
"G36220","Odessa, TX Metro Area",-23.5903414140063,30.7767464582316,22.6498889711325,116.574074074074,199.159663865546,67.8914835164835,1034.62669018225
"G36260","Ogden-Clearfield, UT Metro Area",7.70250533391666,16.7354829296761,57.9279306220096,32.1851453175457,79.6881411571604,28.9478182008441,241.981875492514
"G36420","Oklahoma City, OK Metro Area",-1.00540339502403,12.1725920197248,11.6059684618833,32.4948889772276,62.6905829596413,46.9565718733334,178.189898677392
"G36500","Olympia, WA Metro Area",3.8255426833962,39.2624407582938,26.8307254623044,32.4547825419959,70.6812850586436,83.4128895184136,153.137458317896
"G36540","Omaha-Council Bluffs, NE-IA Metro Area",1.49336918315618,9.41914996839211,49.2370098512652,87.7979663277213,36.8760064412238,30.4602960969044,247.994976226787
"G36740","Orlando-Kissimmee-Sanford, FL Metro Area",-9.85228864234624,19.1505713125689,33.7819497851165,46.5280724084288,19.1834727004427,132.020482608098,584.993198460247
"G36780","Oshkosh-Neenah, WI Metro Area",-4.14645990482049,71.3949579831933,8.59073359073359,46.5463108320251,-8.62068965517241,43.0530164533821,251.457489878543
"G36980","Owensboro, KY Metro Area",0.0179640152410487,5.13036164844407,57.7142857142857,247.058823529412,0,52.3031203566122,205.638903259183
"G37100","Oxnard-Thousand Oaks-Ventura, CA Metro Area",-24.2361754247054,1.10083756512564,80.6269211700545,17.0920715651264,4.86914181375533,23.659258625484,293.00449365204
"G37340","Palm Bay-Melbourne-Titusville, FL Metro Area",-0.609189514045511,7.10414423620869,8.26251180358829,40.2149969160278,5.83657587548638,116.926551242069,323.228949199722
"G37380","Palm Coast, FL Metro Area",11.3721255240757,0.468577728776185,44.1947565543071,22.7761485826002,10.1694915254237,122.538860103627,375.022872827081
"G37460","Panama City-Lynn Haven-Panama City Beach, FL Metro Area",-5.35352588822974,-1.78217821782178,-10.40763226366,23.4118699671936,29.1925465838509,162.33447768514,192.79847182426
"G37620","Parkersburg-Marietta-Vienna, WV-OH Metro Area",-6.45206643787905,0.866551126516464,-5.78034682080925,7.46089049338147,-15.5555555555556,142.394822006472,192.662926197669
"G37700","Pascagoula, MS Metro Area",-4.2809563557326,-0.034522800740671,30.9148264984227,6.93811074918567,46.8354430379747,85.1570964247021,273.604240282686
"G37860","Pensacola-Ferry Pass-Brent, FL Metro Area",5.97846191179386,4.60993371422595,-6.74471875795368,27.75084606238,28.129829984544,113.607534114934,204.07810360977
"G37900","Peoria, IL Metro Area",-8.89640818488026,4.09370221850388,-0.902708124373119,28.3230510375771,28.4313725490196,62.3944742900998,165.884833311372
"G37980","Philadelphia-Camden-Wilmington, PA-NJ-DE-MD Metro Area",-6.76609712387157,2.52377071622992,16.193329253366,39.9761094919632,8.07761732851985,58.7843639081814,204.359936061289
"G38060","Phoenix-Mesa-Glendale, AZ Metro Area",-4.70852237842758,35.9608922949541,22.6585950563065,51.6858063539436,30.251202565473,21.7076548362037,348.796298197699
"G38220","Pine Bluff, AR Metro Area",-18.3921119799052,-11.9877298053046,15.3284671532847,10.1880877742947,845.454545454545,47.9028697571744,149.473730297723
"G38300","Pittsburgh, PA Metro Area",-5.21022837378938,1.37855200630225,16.39477303989,65.5414423589893,48.582995951417,151.631509637256,212.902909754657
"G38340","Pittsfield, MA Metro Area",-8.66835826797601,20.2687569988802,14.3426294820717,25.3258845437616,-20,106.229929351317,195.91329068941
"G38540","Pocatello, ID Metro Area",-2.71962675038621,18.7017001545595,18.8706218727663,9.36093609360936,43.0769230769231,38.9334155363748,180.651901379022
"G38860","Portland-South Portland-Biddeford, ME Metro Area",1.72452509121174,78.4600270170699,-1.83936235438381,22.7194492254733,25.3846153846154,115.018484288355,218.475315187934
"G38900","Portland-Vancouver-Hillsboro, OR-WA Metro Area",-0.451711893020203,19.4878240377062,30.798341084528,40.498562595991,52.4380998545807,37.8512789680805,195.91743533794
"G38940","Port St. Lucie, FL Metro Area",-3.16793414611026,21.5365156542593,33.5201222618441,38.0490296220633,-7.54716981132075,69.9188311688312,467.827442827443
"G39100","Poughkeepsie-Newburgh-Middletown, NY Metro Area",-13.4652263730333,15.3682556622791,61.34040136312,17.9702565694186,11.1587982832618,101.381578947368,240.439225952161
"G39140","Prescott, AZ Metro Area",2.13466302416254,21.7947908445146,20.6858269935193,64.3058823529412,38.0281690140845,19.9680069592113,315.085293019784
"G39300","Providence-New Bedford-Fall River, RI-MA Metro Area",-7.67539538617372,12.5796003640046,20.1760821716801,29.5844615346814,-6.85111989459816,63.1249893726848,209.946744720207
"G39340","Provo-Orem, UT Metro Area",16.3270102585633,56.5509915014164,48.5461441213654,48.0348738304508,72.5783163265306,51.0721233787829,321.383970111377
"G39380","Pueblo, CO Metro Area",-13.8034128449089,13.0353817504656,26.5793780687398,37.5198728139905,30,4.87949183303084,407.072258284933
"G39460","Punta Gorda, FL Metro Area",9.36005386681846,1.96941357685114,23.9808153477218,37.3953974895397,22.0338983050847,119.354838709677,383.88785046729
"G39540","Racine, WI Metro Area",-8.53589201893008,7.05655349841503,35.8514724711908,9.19377652050919,11.3207547169811,6.41051164642644,263.821552250968
"G39580","Raleigh-Cary, NC Metro Area",11.4178592682115,13.1657963446475,38.9052157338416,99.454895511612,55.3333333333333,61.0933738688286,297.842113062162
"G39660","Rapid City, SD Metro Area",2.34791889007471,36.3038714390066,21.7303044949251,45.6861133935908,36.3636363636364,66.2041625371655,134.197907585004
"G39740","Reading, PA Metro Area",-9.65693208786841,9.17936752221615,75.2529182879377,19.0900649953575,32.8125,56.5994828821532,276.95083886071
"G39820","Redding, CA Metro Area",-7.0430506225362,23.5142118863049,-0.787878787878788,36.1421088590298,36.90036900369,44.9233503665852,149.629913221031
"G39900","Reno-Sparks, NV Metro Area",-3.83417286270873,25.0152222447737,24.5565791282827,32.0735724743777,36.0187719984357,44.9118079984033,296.68766764394
"G40060","Richmond, VA Metro Area",2.21795723442072,1.39952374229877,19.6228102189781,46.9066344072329,14.5323645970938,107.327598120509,213.929175993285
"G40140","Riverside-San Bernardino-Ontario, CA Metro Area",-28.5328781646002,5.77892092244228,84.2099183172051,36.4606536432098,13.3367287543655,41.7264037680089,270.736958285836
"G40220","Roanoke, VA Metro Area",-4.95692010487098,1.09082645254147,28.2022008253095,40.4881166367086,15.3846153846154,102.221861741952,220.11809761311
"G40340","Rochester, MN Metro Area",1.24671901597934,62.1825962910128,64.7191011235955,31.1772801201051,28.5714285714286,63.5897435897436,218.778413736713
"G40380","Rochester, NY Metro Area",-7.49789738981481,3.77944067008669,-3.67268041237113,31.5415362837133,8.60927152317881,63.9336917562724,195.341935483871
"G40420","Rockford, IL Metro Area",-16.2135135726157,8.69474335521361,83.1470335339639,16.0352187833511,14.8936170212766,30.1646464125445,231.858873037052
"G40580","Rocky Mount, NC Metro Area",-13.8470988946908,-5.43260630094735,12.9612590799031,19.5348837209302,58.8235294117647,30.7615430741555,177.77323943662
"G40660","Rome, GA Metro Area",-6.17108905543177,3.27712609970674,102.906976744186,2.8731045490822,-79.3103448275862,13.307240704501,300.833796553641
"G40900","Sacramento--Arden-Arcade--Roseville, CA Metro Area",-9.46663558314697,5.65554896292274,27.1999259362126,39.3875505380964,35.8775252525253,38.3426753076693,148.836654012717
"G40980","Saginaw-Saginaw Township North, MI Metro Area",-10.2879307572753,-9.18035367581466,-6.72748004561003,14.8007590132827,30.7692307692308,17.2797981921379,155.064308681672
"G41060","St. Cloud, MN Metro Area",-4.35665769429013,183.650823007213,36.0759493670886,7.24977986498386,20,99.8516320474778,194.847457627119
"G41100","St. George, UT Metro Area",22.4857562503026,25.0632911392405,17.1214553237025,90.020366598778,54.8237476808905,42.721368604467,303.281792363522
"G41140","St. Joseph, MO-KS Metro Area",-9.98719611444289,-14.2479801118707,5.64102564102564,45.207100591716,130.5,27.5159976730657,202.484004516372
"G41180","St. Louis, MO-IL Metro Area",-5.77622963534744,-1.75700847716896,14.7555425047717,36.9057131442269,3.56798457087753,84.890901605599,235.675443057783
"G41420","Salem, OR Metro Area",-3.16857485937379,29.0118577075099,33.2220532319392,24.8318977119785,64.7109098070106,20.3453032375741,244.115422885572
"G41500","Salinas, CA Metro Area",-31.1368473064404,-22.2291748142354,133.912884333821,5.62989943780188,2.94543698696282,27.9000042587624,267.369012501756
"G41540","Salisbury, MD Metro Area",-9.09412597310686,6.92998716669043,72.2741433021807,28.286252354049,-20.3703703703704,97.9937583593402,166.884232222604
"G41620","Salt Lake City, UT Metro Area",2.52360897753013,42.1359938693704,42.7340987604145,50.2244088832706,39.8960658395162,29.3839830724406,264.28698927847
"G41660","San Angelo, TX Metro Area",-12.8751379283974,2.13195691202873,20.5882352941176,60.6601248884924,76,19.9545626656569,579.368088467614
"G41700","San Antonio-New Braunfels, TX Metro Area",-20.4113266623468,27.9554386857805,58.9654774275488,65.7335098168983,59.7165236851921,44.0987586717828,793.052063092925
"G41740","San Diego-Carlsbad-San Marcos, CA Metro Area",-17.578763345079,-1.51694234987011,55.5353075170843,22.2145192819802,-0.332529177805307,24.2044032279213,229.2990373994
"G41780","Sandusky, OH Metro Area",-7.31965526496287,2.4683925346177,-15.948275862069,3.88768898488121,37.5,56.1068702290076,142.34360410831
"G41860","San Francisco-Oakland-Fremont, CA Metro Area",-16.6571384301718,-7.90593698904933,97.7274562040849,29.8695615431343,5.69203945715004,40.5514922490541,131.23971157375
"G41940","San Jose-Sunnyvale-Santa Clara, CA Metro Area",-25.4588143799531,-2.79444053633476,71.699747383616,33.1295529287529,-1.03284875594074,24.0075953025583,145.623435241801
"G42020","San Luis Obispo-Paso Robles, CA Metro Area",-10.9617698288711,-16.9369369369369,24.5662460567823,22.2757728929117,6.16966580976864,38.7041342363287,276.32749925838
"G42060","Santa Barbara-Santa Maria-Goleta, CA Metro Area",-23.8459088383188,-13.379537178433,75.6244302643573,28.473263972901,-12.7791563275434,34.7170322231248,310.045262833042
"G42100","Santa Cruz-Watsonville, CA Metro Area",-15.5845180013459,13.882863340564,60.0976475810031,12.967962562995,10.0286532951289,19.6375876060494,214.239324565676
"G42140","Santa Fe, NM Metro Area",-19.0237704918033,13.9628732849072,23.8963441818992,41.566985645933,18.5185185185185,2.82577082374598,563.898149951315
"G42220","Santa Rosa-Petaluma, CA Metro Area",-17.4275386901877,0.0657030223390276,36.4617044228695,24.5570034349272,18.1001283697047,31.6627637538181,207.045856199423
"G42340","Savannah, GA Metro Area",8.57765394367691,5.87635696447684,55.3439153439153,72.3421926910299,80,113.342524509804,256.595401371521
"G42540","Scranton--Wilkes-Barre, PA Metro Area",-10.7294914150109,51.2928405903159,59.447983014862,60.2414896712249,30.4347826086957,123.798140770252,324.875857176638
"G42660","Seattle-Tacoma-Bellevue, WA Metro Area",-2.40578674821084,28.5465522720051,15.8504033243706,57.1145711660954,55.5602821794463,61.2122832579393,140.05034590032
"G42680","Sebastian-Vero Beach, FL Metro Area",5.32463514001341,7.82447366298298,30.1470588235294,43.4573829531813,33.3333333333333,38.9896109187207,524.9666814749
"G43100","Sheboygan, WI Metro Area",-5.44670280471014,50.7719714964371,21.6216216216216,30.1883239171375,-40,48.0191554201132,242.057569296375
"G43300","Sherman-Denison, TX Metro Area",-1.49845616596462,8.21917808219178,30.0817438692098,90.2485659655832,102.439024390244,50.6947771921418,335.934608266502
"G43340","Shreveport-Bossier City, LA Metro Area",-11.1355391677193,-0.100500083776929,11.4610221992772,22.5496560619089,-18.3333333333333,79.7448478900883,222.333031127229
"G43580","Sioux City, IA-NE-SD Metro Area",-9.89606118674845,116.780117683493,16.489565514882,21.7647979956154,407.210843373494,23.8057993132392,246.440794312331
"G43620","Sioux Falls, SD Metro Area",12.0642351078759,88.0829015544041,31.9672131147541,88.150867823765,-39.7260273972603,95.8320657134165,226.662348877375
"G43780","South Bend-Mishawaka, IN-MI Metro Area",-6.88301074598001,4.52703988689198,23.6636245110821,29.5255813953488,-14.7058823529412,36.300229023527,171.289695398574
"G43900","Spartanburg, SC Metro Area",6.65810968494749,9.64197046017246,79.9554973821989,44.3908806126001,129.058139534884,71.3277484507689,310.992003367003
"G44060","Spokane, WA Metro Area",5.39608351674499,36.2835153922542,10.9189856065798,27.0857688058652,126.24079915878,104.064285714286,170.839269713262
"G44100","Springfield, IL Metro Area",-7.85019663522757,11.2383067788646,21.1267605633803,34.9230769230769,36.734693877551,76.0292772186642,172.794612794613
"G44140","Springfield, MA Metro Area",-11.9472093283921,2.09651676911464,22.6278491504352,41.5168624258635,18.7290969899666,40.7112258683052,245.803571428571
"G44180","Springfield, MO Metro Area",1.41992408324732,26.9441647085152,11.3993174061433,39.7707402370313,33.5064935064935,94.7275872009225,250.705358047199
"G44220","Springfield, OH Metro Area",-6.99263228399196,0.593667546174142,19.3732193732194,5.12820512820513,82.3529411764706,32.0140280561122,146.907950983186
"G44300","State College, PA Metro Area",-4.6597638510445,18.0681328158689,5.75916230366492,42.7998998246932,-6.25,81.523642732049,228.813559322034
"G44600","Steubenville-Weirton, OH-WV Metro Area",-10.5051369863014,-2.33990147783251,35.2564102564103,8.29787234042553,110,175.2,226.882290562036
"G44700","Stockton, CA Metro Area",-23.4619696696413,16.6340445269017,68.2462479155086,41.4846961572833,48.1373070782331,38.6765760678804,157.575841991095
"G44940","Sumter, SC Metro Area",-8.52677279305355,-3.05073987384457,10.025706940874,20.5387205387205,-9.09090909090909,25.4136333553938,167.43842364532
"G45060","Syracuse, NY Metro Area",-7.81561905636486,11.4097344141048,-10.7776635129576,38.2296954314721,-0.552486187845304,78.6685419596812,173.94709809964
"G45220","Tallahassee, FL Metro Area",-4.40556135234681,1.54877639959772,9.29824561403509,28.9810788576801,15.3846153846154,51.5560325003833,253.49739200214
"G45300","Tampa-St. Petersburg-Clearwater, FL Metro Area",-6.72217837878993,14.1257811219006,39.1842900302115,54.1698092211823,20.2020202020202,107.23740325383,472.152247229679
"G45460","Terre Haute, IN Metro Area",-5.97052813281379,-3.27888118462804,-3.66795366795367,14.592050209205,6,120.112994350282,161.605643265032
"G45500","Texarkana, TX-Texarkana, AR Metro Area",-9.7660458981799,3.58582924910753,4.86322188449848,39.3851931330472,29.4117647058824,43.6503436426117,205.183523354174
"G45780","Toledo, OH Metro Area",-7.25110539217558,1.62712252015322,7.83132530120482,14.1017099711304,0.62111801242236,19.2204526404023,162.422486235874
"G45820","Topeka, KS Metro Area",-8.23976305673047,-6.77867902665122,1.95968645016797,20.2343397926994,71.0144927536232,32.0197044334975,162.016412661196
"G45940","Trenton-Ewing, NJ Metro Area",-20.6944727146673,0.905715977286795,104.520938023451,48.1954689789937,-30.1694915254237,116.888300665033,228.564488946168
"G46060","Tucson, AZ Metro Area",-13.0863628317491,15.2333160293015,6.09722435209324,21.9035404764681,37.2536945812808,5.82232942912325,380.821766605039
"G46140","Tulsa, OK Metro Area",-6.35111611036591,1.93974255017231,6.81603090918488,74.6307868971353,123.570190641248,40.5271199388846,141.030059717971
"G46220","Tuscaloosa, AL Metro Area",5.14231429719756,12.6396704450607,77.2887323943662,39.4312393887946,0.847457627118644,109.340300457217,401.210762331839
"G46340","Tyler, TX Metro Area",-1.73163999292931,2.56185388928752,45.1358457493427,61.2629957643435,34.1772151898734,29.000234962406,439.58633958634
"G46540","Utica-Rome, NY Metro Area",-10.0041573189413,10.1052768390954,4.98687664041995,59.4316369435987,60,75.0482492417976,196.952515946138
"G46660","Valdosta, GA Metro Area",-4.23165522867975,10.6383875864395,7.28813559322034,20.0796359499431,1.41843971631206,27.806712962963,197.694725812085
"G46700","Vallejo-Fairfield, CA Metro Area",-16.6091596243909,2.28199176954732,67.730697384807,20.2788517189489,16.7387766554433,54.4222407253215,111.890681803686
"G47020","Victoria, TX Metro Area",-24.7750648788927,0.155738981467061,32.8767123287671,38.2384532760473,42.4242424242424,31.7772828507795,792.535107169254
"G47220","Vineland-Millville-Bridgeton, NJ Metro Area",-24.2054454942599,-9.95573548407422,36.426116838488,10.4362873623492,-67.7966101694915,60.3590784358564,233.247329349991
"G47260","Virginia Beach-Norfolk-Newport News, VA-NC Metro Area",-5.1002555456823,1.98772226359041,14.8359695371998,27.028284813072,39.7286821705426,84.0334384631926,151.708753768669
"G47300","Visalia-Porterville, CA Metro Area",-29.8786226837037,-7.33740967204002,52.2236522236522,13.297311544544,42.0432220039293,28.8212500877104,368.964394268346
"G47380","Waco, TX Metro Area",-4.60993556331803,7.91267581327121,70.4684317718941,55.5900621118012,76.6355140186916,10.5737929952543,428.561584840655
"G47580","Warner Robins, GA Metro Area",-0.120732065082481,31.5315765788289,20.8421052631579,46.194534234499,-17.2972972972973,46.9642857142857,207.915909680768
"G47900","Washington-Arlington-Alexandria, DC-VA-MD-WV Metro Area",-8.78944952628791,8.07020263675269,74.0950813917775,35.0134078514585,14.3572854291417,75.0656702790442,210.213310106903
"G47940","Waterloo-Cedar Falls, IA Metro Area",-6.63132660296451,17.7502318913905,50.788643533123,91.1425576519916,307.619047619048,39.8221806270473,150.166515289131
"G48140","Wausau, WI Metro Area",-2.07851624389527,41.7360285374554,2.20820189274448,18.8916876574307,12.5,51.5126737530662,238.081562320505
"G48300","Wenatchee-East Wenatchee, WA Metro Area",-5.59464892058553,22.5274725274725,34.841628959276,40.1836969001148,22.3684210526316,20.7480673820238,386.603798733755
"G48540","Wheeling, WV-OH Metro Area",-9.03528000514098,-13.0191521411663,4.06091370558376,2.40641711229947,123.529411764706,203.658536585366,209.099804305284
"G48620","Wichita, KS Metro Area",-6.44326989703015,1.64804294899806,10.842501447597,12.6913626913627,32.6963906581741,28.3561292215174,195.403360605261
"G48660","Wichita Falls, TX Metro Area",-13.8365303725668,0.359505320678746,4.31198478123018,3.72007366482505,72.3809523809524,24.2245199409158,265.805361023907
"G48700","Williamsport, PA Metro Area",-6.64910339955193,12.1468383624832,1.84331797235023,39.0461997019374,24,138.938242280285,186.556221889055
"G48900","Wilmington, NC Metro Area",13.5527766925845,-9.55369460042357,11.181332036947,49.1551939924906,48.9247311827957,57.3255309926311,271.344101528699
"G49020","Winchester, VA-WV Metro Area",0.777071306321884,7.83564261825131,60.4774535809019,50.3985285101165,15.0943396226415,80.2458668927512,300.585946354363
"G49180","Winston-Salem, NC Metro Area",-3.50194351335507,3.72535283922087,69.4095600217273,42.1930229205709,22.9838709677419,26.2708739168402,270.290988869863
"G49340","Worcester, MA Metro Area",-7.18798848631983,44.1504172420004,37.2464574898785,45.9083451202263,1.6260162601626,90.5322580645161,300.081334612515
"G49420","Yakima, WA Metro Area",-19.7442988339697,-8.66379310344828,22.8135881907646,18.359375,51.4705882352941,18.3828965212729,325.534416511143
"G49620","York-Hanover, PA Metro Area",-3.09891336803978,15.0139664804469,18.4713375796178,23.4510819308304,47.9674796747967,80.3796242494674,229.384703852789
"G49660","Youngstown-Warren-Boardman, OH-PA Metro Area",-8.98159022050073,-5.11881252436014,-3.57497517378352,11.2253977607543,17.5925925925926,58.2622361921868,185.070307232977
"G49700","Yuba City, CA Metro Area",-12.7763095226978,17.6168224299065,20.2631578947368,29.5978407557355,26.1324041811847,30.9240264255911,133.657550077042
"G49740","Yuma, AZ Metro Area",-34.4956883109348,4.27372169931315,15.2486910994764,11.3166953528399,-7.51633986928105,25.7737525464497,590.119840213049
