"GEOID1","GEOID2","FULL1_NAME","FULL2_NAME","variable","estimate","moe","centroid1","centroid2"
"42660",NA,"Seattle-Tacoma-Bellevue, WA Metro Area","Outside Metro Area within U.S. or Puerto Rico","MOVEDOUT",25243,1528,c(-121.881387433741, 47.5574033466574),c(NA, NA)
"42660",NA,"Seattle-Tacoma-Bellevue, WA Metro Area","Africa","MOVEDOUT",NA,NA,c(-121.881387433741, 47.5574033466574),c(NA, NA)
"42660",NA,"Seattle-Tacoma-Bellevue, WA Metro Area","Asia","MOVEDOUT",NA,NA,c(-121.881387433741, 47.5574033466574),c(NA, NA)
"42660",NA,"Seattle-Tacoma-Bellevue, WA Metro Area","Central America","MOVEDOUT",NA,NA,c(-121.881387433741, 47.5574033466574),c(NA, NA)
"42660",NA,"Seattle-Tacoma-Bellevue, WA Metro Area","Caribbean","MOVEDOUT",NA,NA,c(-121.881387433741, 47.5574033466574),c(NA, NA)
"42660",NA,"Seattle-Tacoma-Bellevue, WA Metro Area","Europe","MOVEDOUT",NA,NA,c(-121.881387433741, 47.5574033466574),c(NA, NA)
"42660",NA,"Seattle-Tacoma-Bellevue, WA Metro Area","U.S. Island Areas","MOVEDOUT",NA,NA,c(-121.881387433741, 47.5574033466574),c(NA, NA)
"42660",NA,"Seattle-Tacoma-Bellevue, WA Metro Area","Northern America","MOVEDOUT",NA,NA,c(-121.881387433741, 47.5574033466574),c(NA, NA)
"42660",NA,"Seattle-Tacoma-Bellevue, WA Metro Area","Oceania and At Sea","MOVEDOUT",NA,NA,c(-121.881387433741, 47.5574033466574),c(NA, NA)
"42660",NA,"Seattle-Tacoma-Bellevue, WA Metro Area","South America","MOVEDOUT",NA,NA,c(-121.881387433741, 47.5574033466574),c(NA, NA)
"42660","10180","Seattle-Tacoma-Bellevue, WA Metro Area","Abilene, TX Metro Area","MOVEDOUT",48,34,c(-121.881387433741, 47.5574033466574),c(-99.717678358008, 32.4496900313019)
"42660","10380","Seattle-Tacoma-Bellevue, WA Metro Area","Aguadilla-Isabela, PR Metro Area","MOVEDOUT",0,NA,c(-121.881387433741, 47.5574033466574),c(-67.0703611537066, 18.3797715984677)
"42660","10420","Seattle-Tacoma-Bellevue, WA Metro Area","Akron, OH Metro Area","MOVEDOUT",49,45,c(-121.881387433741, 47.5574033466574),c(-81.3495122130132, 41.1487250686295)
"42660","10500","Seattle-Tacoma-Bellevue, WA Metro Area","Albany, GA Metro Area","MOVEDOUT",0,NA,c(-121.881387433741, 47.5574033466574),c(-84.1738860941887, 31.5895065709885)
"42660","10540","Seattle-Tacoma-Bellevue, WA Metro Area","Albany-Lebanon, OR Metro Area","MOVEDOUT",0,NA,c(-121.881387433741, 47.5574033466574),c(-122.534190165742, 44.4885691713577)
"42660","10580","Seattle-Tacoma-Bellevue, WA Metro Area","Albany-Schenectady-Troy, NY Metro Area","MOVEDOUT",119,72,c(-121.881387433741, 47.5574033466574),c(-73.9419726782192, 42.7885022989832)
"42660","10740","Seattle-Tacoma-Bellevue, WA Metro Area","Albuquerque, NM Metro Area","MOVEDOUT",568,284,c(-121.881387433741, 47.5574033466574),c(-106.471644596769, 35.1222952718886)
"42660","10780","Seattle-Tacoma-Bellevue, WA Metro Area","Alexandria, LA Metro Area","MOVEDOUT",96,87,c(-121.881387433741, 47.5574033466574),c(-92.5418574665648, 31.3305506967199)
"42660","10900","Seattle-Tacoma-Bellevue, WA Metro Area","Allentown-Bethlehem-Easton, PA-NJ Metro Area","MOVEDOUT",420,413,c(-121.881387433741, 47.5574033466574),c(-75.4036455924293, 40.7893945116151)
"42660","11100","Seattle-Tacoma-Bellevue, WA Metro Area","Amarillo, TX Metro Area","MOVEDOUT",7,13,c(-121.881387433741, 47.5574033466574),c(-101.626097822503, 35.1850525884309)
"42660","11180","Seattle-Tacoma-Bellevue, WA Metro Area","Ames, IA Metro Area","MOVEDOUT",4,8,c(-121.881387433741, 47.5574033466574),c(-93.4650447699997, 42.0362415119933)
"42660","11260","Seattle-Tacoma-Bellevue, WA Metro Area","Anchorage, AK Metro Area","MOVEDOUT",518,196,c(-121.881387433741, 47.5574033466574),c(-149.552252570626, 62.2240717091675)
"42660","11460","Seattle-Tacoma-Bellevue, WA Metro Area","Ann Arbor, MI Metro Area","MOVEDOUT",199,148,c(-121.881387433741, 47.5574033466574),c(-83.8387711040476, 42.2532261824749)
"42660","11540","Seattle-Tacoma-Bellevue, WA Metro Area","Appleton, WI Metro Area","MOVEDOUT",17,18,c(-121.881387433741, 47.5574033466574),c(-88.3711473006659, 44.2890277094746)
"42660","11640","Seattle-Tacoma-Bellevue, WA Metro Area","Arecibo, PR Metro Area","MOVEDOUT",0,NA,c(-121.881387433741, 47.5574033466574),c(-66.7591795791915, 18.4398877856113)
"42660","11700","Seattle-Tacoma-Bellevue, WA Metro Area","Asheville, NC Metro Area","MOVEDOUT",31,46,c(-121.881387433741, 47.5574033466574),c(-82.6826445426512, 35.6006301219426)
"42660","12020","Seattle-Tacoma-Bellevue, WA Metro Area","Athens-Clarke County, GA Metro Area","MOVEDOUT",73,64,c(-121.881387433741, 47.5574033466574),c(-83.2137868099647, 33.9490060817943)
"42660","12060","Seattle-Tacoma-Bellevue, WA Metro Area","Atlanta-Sandy Springs-Alpharetta, GA Metro Area","MOVEDOUT",918,466,c(-121.881387433741, 47.5574033466574),c(-84.4374996265854, 33.6970734409676)
"42660","12100","Seattle-Tacoma-Bellevue, WA Metro Area","Atlantic City-Hammonton, NJ Metro Area","MOVEDOUT",0,NA,c(-121.881387433741, 47.5574033466574),c(-74.6337332021301, 39.4688338138396)
"42660","12220","Seattle-Tacoma-Bellevue, WA Metro Area","Auburn-Opelika, AL Metro Area","MOVEDOUT",0,NA,c(-121.881387433741, 47.5574033466574),c(-85.3555627143245, 32.6011364705819)
"42660","12260","Seattle-Tacoma-Bellevue, WA Metro Area","Augusta-Richmond County, GA-SC Metro Area","MOVEDOUT",33,29,c(-121.881387433741, 47.5574033466574),c(-81.9465365274209, 33.4351990544738)
"42660","12420","Seattle-Tacoma-Bellevue, WA Metro Area","Austin-Round Rock-GeorgeTown, TX Metro Area","MOVEDOUT",1673,416,c(-121.881387433741, 47.5574033466574),c(-97.6544465797615, 30.2626092051486)
"42660","12540","Seattle-Tacoma-Bellevue, WA Metro Area","Bakersfield, CA Metro Area","MOVEDOUT",707,548,c(-121.881387433741, 47.5574033466574),c(-118.729900017101, 35.3428487179529)
"42660","12580","Seattle-Tacoma-Bellevue, WA Metro Area","Baltimore-Columbia-Towson, MD Metro Area","MOVEDOUT",673,257,c(-121.881387433741, 47.5574033466574),c(-76.551007699503, 39.3055415697504)
"42660","12620","Seattle-Tacoma-Bellevue, WA Metro Area","Bangor, ME Metro Area","MOVEDOUT",66,62,c(-121.881387433741, 47.5574033466574),c(-68.6494281284415, 45.4005123272593)
"42660","12700","Seattle-Tacoma-Bellevue, WA Metro Area","Barnstable Town, MA Metro Area","MOVEDOUT",14,15,c(-121.881387433741, 47.5574033466574),c(-70.2381365830172, 41.7734491612184)
"42660","12940","Seattle-Tacoma-Bellevue, WA Metro Area","Baton Rouge, LA Metro Area","MOVEDOUT",69,80,c(-121.881387433741, 47.5574033466574),c(-91.1309691903327, 30.5703137889327)
"42660","13140","Seattle-Tacoma-Bellevue, WA Metro Area","Beaumont-Port Arthur, TX Metro Area","MOVEDOUT",28,37,c(-121.881387433741, 47.5574033466574),c(-94.2013601154407, 30.0764714198905)
"42660","13220","Seattle-Tacoma-Bellevue, WA Metro Area","Beckley, WV Metro Area","MOVEDOUT",16,24,c(-121.881387433741, 47.5574033466574),c(-81.2486345590091, 37.7713611267572)
"42660","13380","Seattle-Tacoma-Bellevue, WA Metro Area","Bellingham, WA Metro Area","MOVEDOUT",3993,616,c(-121.881387433741, 47.5574033466574),c(-121.872829974509, 48.8297449981796)
"42660","13460","Seattle-Tacoma-Bellevue, WA Metro Area","Bend, OR Metro Area","MOVEDOUT",539,401,c(-121.881387433741, 47.5574033466574),c(-121.227891775105, 43.9148834523624)
"42660","13740","Seattle-Tacoma-Bellevue, WA Metro Area","Billings, MT Metro Area","MOVEDOUT",160,93,c(-121.881387433741, 47.5574033466574),c(-108.602059278083, 45.6287004043677)
"42660","13820","Seattle-Tacoma-Bellevue, WA Metro Area","Birmingham-Hoover, AL Metro Area","MOVEDOUT",54,76,c(-121.881387433741, 47.5574033466574),c(-86.8138680220955, 33.4638408721977)
"42660","13900","Seattle-Tacoma-Bellevue, WA Metro Area","Bismarck, ND Metro Area","MOVEDOUT",44,51,c(-121.881387433741, 47.5574033466574),c(-100.905133973237, 46.8370145936504)
"42660","13980","Seattle-Tacoma-Bellevue, WA Metro Area","Blacksburg-Christiansburg, VA Metro Area","MOVEDOUT",32,44,c(-121.881387433741, 47.5574033466574),c(-80.5924292270095, 37.1865962857846)
"42660","14010","Seattle-Tacoma-Bellevue, WA Metro Area","Bloomington, IL Metro Area","MOVEDOUT",54,77,c(-121.881387433741, 47.5574033466574),c(-88.8617236141055, 40.4106616458353)
"42660","14020","Seattle-Tacoma-Bellevue, WA Metro Area","Bloomington, IN Metro Area","MOVEDOUT",29,47,c(-121.881387433741, 47.5574033466574),c(-86.7918689438515, 39.1543279987426)
"42660","14260","Seattle-Tacoma-Bellevue, WA Metro Area","Boise City, ID Metro Area","MOVEDOUT",1136,270,c(-121.881387433741, 47.5574033466574),c(-116.143239962983, 43.016164971549)
"42660","14460","Seattle-Tacoma-Bellevue, WA Metro Area","Boston-Cambridge-Newton, MA-NH Metro Area","MOVEDOUT",1030,226,c(-121.881387433741, 47.5574033466574),c(-71.0219901941539, 42.5181538511535)
"42660","14500","Seattle-Tacoma-Bellevue, WA Metro Area","Boulder, CO Metro Area","MOVEDOUT",513,240,c(-121.881387433741, 47.5574033466574),c(-105.358114213131, 40.0926378656974)
"42660","14540","Seattle-Tacoma-Bellevue, WA Metro Area","Bowling Green, KY Metro Area","MOVEDOUT",10,19,c(-121.881387433741, 47.5574033466574),c(-86.357015760847, 37.0712100341569)
"42660","14740","Seattle-Tacoma-Bellevue, WA Metro Area","Bremerton-Silverdale-Port Orchard, WA Metro Area","MOVEDOUT",6264,986,c(-121.881387433741, 47.5574033466574),c(-122.648996254481, 47.6398306498888)
"42660","14860","Seattle-Tacoma-Bellevue, WA Metro Area","Bridgeport-Stamford-Norwalk, CT Metro Area","MOVEDOUT",26,26,c(-121.881387433741, 47.5574033466574),c(-73.3712044616067, 41.2249601785075)
"42660","15180","Seattle-Tacoma-Bellevue, WA Metro Area","Brownsville-Harlingen, TX Metro Area","MOVEDOUT",93,114,c(-121.881387433741, 47.5574033466574),c(-97.4528596143179, 26.151501188623)
"42660","15380","Seattle-Tacoma-Bellevue, WA Metro Area","Buffalo-Cheektowaga, NY Metro Area","MOVEDOUT",146,113,c(-121.881387433741, 47.5574033466574),c(-78.7753843985466, 43.0378677974412)
"42660","15500","Seattle-Tacoma-Bellevue, WA Metro Area","Burlington, NC Metro Area","MOVEDOUT",0,NA,c(-121.881387433741, 47.5574033466574),c(-79.399457049248, 36.0440521299717)
"42660","15540","Seattle-Tacoma-Bellevue, WA Metro Area","Burlington-South Burlington, VT Metro Area","MOVEDOUT",13,16,c(-121.881387433741, 47.5574033466574),c(-73.0307789173467, 44.6871978411335)
"42660","15680","Seattle-Tacoma-Bellevue, WA Metro Area","California-Lexington Park, MD Metro Area","MOVEDOUT",74,118,c(-121.881387433741, 47.5574033466574),c(-76.5290606657755, 38.2158624016485)
"42660","15940","Seattle-Tacoma-Bellevue, WA Metro Area","Canton-Massillon, OH Metro Area","MOVEDOUT",0,NA,c(-121.881387433741, 47.5574033466574),c(-81.2535061275313, 40.718647391361)
"42660","15980","Seattle-Tacoma-Bellevue, WA Metro Area","Cape Coral-Fort Myers, FL Metro Area","MOVEDOUT",116,93,c(-121.881387433741, 47.5574033466574),c(-81.9154526187217, 26.5756896241698)
"42660","16020","Seattle-Tacoma-Bellevue, WA Metro Area","Cape Girardeau, MO-IL Metro Area","MOVEDOUT",16,30,c(-121.881387433741, 47.5574033466574),c(-89.7698409591933, 37.3244933614149)
"42660","16060","Seattle-Tacoma-Bellevue, WA Metro Area","Carbondale-Marion, IL Metro Area","MOVEDOUT",3,9,c(-121.881387433741, 47.5574033466574),c(-89.3821156573587, 37.7851396563105)
"42660","16180","Seattle-Tacoma-Bellevue, WA Metro Area","Carson City, NV Metro Area","MOVEDOUT",95,108,c(-121.881387433741, 47.5574033466574),c(-119.747421344004, 39.1511466200944)
"42660","16220","Seattle-Tacoma-Bellevue, WA Metro Area","Casper, WY Metro Area","MOVEDOUT",62,59,c(-121.881387433741, 47.5574033466574),c(-106.798493804153, 42.9622404457146)
"42660","16300","Seattle-Tacoma-Bellevue, WA Metro Area","Cedar Rapids, IA Metro Area","MOVEDOUT",236,282,c(-121.881387433741, 47.5574033466574),c(-91.6313350511134, 42.0914743689682)
"42660","16580","Seattle-Tacoma-Bellevue, WA Metro Area","Champaign-Urbana, IL Metro Area","MOVEDOUT",93,95,c(-121.881387433741, 47.5574033466574),c(-88.294535719762, 40.2266891347847)
"42660","16620","Seattle-Tacoma-Bellevue, WA Metro Area","Charleston, WV Metro Area","MOVEDOUT",0,NA,c(-121.881387433741, 47.5574033466574),c(-81.6486587798874, 38.2879072422601)
"42660","16700","Seattle-Tacoma-Bellevue, WA Metro Area","Charleston-North Charleston, SC Metro Area","MOVEDOUT",384,217,c(-121.881387433741, 47.5574033466574),c(-80.0105850802583, 33.0165074669885)
"42660","16740","Seattle-Tacoma-Bellevue, WA Metro Area","Charlotte-Concord-Gastonia, NC-SC Metro Area","MOVEDOUT",618,254,c(-121.881387433741, 47.5574033466574),c(-80.7323764117215, 35.1095690832407)
"42660","16820","Seattle-Tacoma-Bellevue, WA Metro Area","Charlottesville, VA Metro Area","MOVEDOUT",41,40,c(-121.881387433741, 47.5574033466574),c(-78.5930737968271, 37.9502386975848)
"42660","16860","Seattle-Tacoma-Bellevue, WA Metro Area","Chattanooga, TN-GA Metro Area","MOVEDOUT",115,96,c(-121.881387433741, 47.5574033466574),c(-85.3591287639862, 35.0519851091891)
"42660","16940","Seattle-Tacoma-Bellevue, WA Metro Area","Cheyenne, WY Metro Area","MOVEDOUT",72,118,c(-121.881387433741, 47.5574033466574),c(-104.689615596111, 41.3070652002949)
"42660","16980","Seattle-Tacoma-Bellevue, WA Metro Area","Chicago-Naperville-Elgin, IL-IN-WI Metro Area","MOVEDOUT",1632,359,c(-121.881387433741, 47.5574033466574),c(-87.8296246823797, 41.8248387049856)
"42660","17020","Seattle-Tacoma-Bellevue, WA Metro Area","Chico, CA Metro Area","MOVEDOUT",124,94,c(-121.881387433741, 47.5574033466574),c(-121.600671748435, 39.6669293767962)
"42660","17140","Seattle-Tacoma-Bellevue, WA Metro Area","Cincinnati, OH-KY-IN Metro Area","MOVEDOUT",190,93,c(-121.881387433741, 47.5574033466574),c(-84.4646155985193, 39.0810970953041)
"42660","17300","Seattle-Tacoma-Bellevue, WA Metro Area","Clarksville, TN-KY Metro Area","MOVEDOUT",347,243,c(-121.881387433741, 47.5574033466574),c(-87.623055785676, 36.69294910928)
"42660","17420","Seattle-Tacoma-Bellevue, WA Metro Area","Cleveland, TN Metro Area","MOVEDOUT",6,9,c(-121.881387433741, 47.5574033466574),c(-84.6673899441534, 35.1345576405014)
"42660","17460","Seattle-Tacoma-Bellevue, WA Metro Area","Cleveland-Elyria, OH Metro Area","MOVEDOUT",246,131,c(-121.881387433741, 47.5574033466574),c(-81.6612133610748, 41.5923628855088)
"42660","17660","Seattle-Tacoma-Bellevue, WA Metro Area","Coeur d'Alene, ID Metro Area","MOVEDOUT",487,170,c(-121.881387433741, 47.5574033466574),c(-116.700012719675, 47.6745558127339)
"42660","17780","Seattle-Tacoma-Bellevue, WA Metro Area","College Station-Bryan, TX Metro Area","MOVEDOUT",42,48,c(-121.881387433741, 47.5574033466574),c(-96.4889183659587, 30.7565091470278)
"42660","17820","Seattle-Tacoma-Bellevue, WA Metro Area","Colorado Springs, CO Metro Area","MOVEDOUT",705,340,c(-121.881387433741, 47.5574033466574),c(-104.657933022342, 38.8425101043517)
"42660","17860","Seattle-Tacoma-Bellevue, WA Metro Area","Columbia, MO Metro Area","MOVEDOUT",1,2,c(-121.881387433741, 47.5574033466574),c(-92.4666595084017, 39.0522894618438)
"42660","17900","Seattle-Tacoma-Bellevue, WA Metro Area","Columbia, SC Metro Area","MOVEDOUT",546,364,c(-121.881387433741, 47.5574033466574),c(-81.0424371013997, 34.0917590069465)
"42660","17980","Seattle-Tacoma-Bellevue, WA Metro Area","Columbus, GA-AL Metro Area","MOVEDOUT",675,245,c(-121.881387433741, 47.5574033466574),c(-84.9087558609507, 32.4414364029334)
"42660","18020","Seattle-Tacoma-Bellevue, WA Metro Area","Columbus, IN Metro Area","MOVEDOUT",71,119,c(-121.881387433741, 47.5574033466574),c(-85.8976045363205, 39.2059730264863)
"42660","18140","Seattle-Tacoma-Bellevue, WA Metro Area","Columbus, OH Metro Area","MOVEDOUT",632,284,c(-121.881387433741, 47.5574033466574),c(-82.9356696070645, 40.0410947352846)
"42660","18580","Seattle-Tacoma-Bellevue, WA Metro Area","Corpus Christi, TX Metro Area","MOVEDOUT",148,166,c(-121.881387433741, 47.5574033466574),c(-97.4013046907459, 27.8928384251199)
"42660","18700","Seattle-Tacoma-Bellevue, WA Metro Area","Corvallis, OR Metro Area","MOVEDOUT",293,119,c(-121.881387433741, 47.5574033466574),c(-123.429309156834, 44.4917594724348)
"42660","18880","Seattle-Tacoma-Bellevue, WA Metro Area","Crestview-Fort Walton Beach-Destin, FL Metro Area","MOVEDOUT",277,203,c(-121.881387433741, 47.5574033466574),c(-86.5921750839689, 30.6650297450285)
"42660","19100","Seattle-Tacoma-Bellevue, WA Metro Area","Dallas-Fort Worth-Arlington, TX Metro Area","MOVEDOUT",2447,738,c(-121.881387433741, 47.5574033466574),c(-96.9312915512131, 32.8656661278306)
"42660","19140","Seattle-Tacoma-Bellevue, WA Metro Area","Dalton, GA Metro Area","MOVEDOUT",0,NA,c(-121.881387433741, 47.5574033466574),c(-84.8481080974927, 34.7962814464837)
"42660","19180","Seattle-Tacoma-Bellevue, WA Metro Area","Danville, IL Metro Area","MOVEDOUT",50,77,c(-121.881387433741, 47.5574033466574),c(-87.7328349006841, 40.1834219701597)
"42660","19340","Seattle-Tacoma-Bellevue, WA Metro Area","Davenport-Moline-Rock Island, IA-IL Metro Area","MOVEDOUT",12,19,c(-121.881387433741, 47.5574033466574),c(-90.4659222898112, 41.3968813883514)
"42660","19430","Seattle-Tacoma-Bellevue, WA Metro Area","Dayton-Kettering, OH Metro Area","MOVEDOUT",150,123,c(-121.881387433741, 47.5574033466574),c(NA, NA)
"42660","19500","Seattle-Tacoma-Bellevue, WA Metro Area","Decatur, IL Metro Area","MOVEDOUT",8,16,c(-121.881387433741, 47.5574033466574),c(-88.9615967669559, 39.8599951926585)
"42660","19660","Seattle-Tacoma-Bellevue, WA Metro Area","Deltona-Daytona Beach-Ormond Beach, FL Metro Area","MOVEDOUT",176,191,c(-121.881387433741, 47.5574033466574),c(-81.1485721303596, 29.0634519577376)
"42660","19740","Seattle-Tacoma-Bellevue, WA Metro Area","Denver-Aurora-Lakewood, CO Metro Area","MOVEDOUT",1237,315,c(-121.881387433741, 47.5574033466574),c(-104.894405653183, 39.4337179116065)
"42660","19780","Seattle-Tacoma-Bellevue, WA Metro Area","Des Moines-West Des Moines, IA Metro Area","MOVEDOUT",219,146,c(-121.881387433741, 47.5574033466574),c(-93.9404428220063, 41.5478355916972)
"42660","19820","Seattle-Tacoma-Bellevue, WA Metro Area","Detroit-Warren-Dearborn, MI Metro Area","MOVEDOUT",399,225,c(-121.881387433741, 47.5574033466574),c(-83.2058159435508, 42.7161943754552)
"42660","20020","Seattle-Tacoma-Bellevue, WA Metro Area","Dothan, AL Metro Area","MOVEDOUT",11,16,c(-121.881387433741, 47.5574033466574),c(-85.4617247104864, 31.2528941099511)
"42660","20220","Seattle-Tacoma-Bellevue, WA Metro Area","Dubuque, IA Metro Area","MOVEDOUT",0,NA,c(-121.881387433741, 47.5574033466574),c(-90.8824564626295, 42.4688320158442)
"42660","20260","Seattle-Tacoma-Bellevue, WA Metro Area","Duluth, MN-WI Metro Area","MOVEDOUT",41,46,c(-121.881387433741, 47.5574033466574),c(-92.3928273209844, 47.3184378777848)
"42660","20500","Seattle-Tacoma-Bellevue, WA Metro Area","Durham-Chapel Hill, NC Metro Area","MOVEDOUT",317,263,c(-121.881387433741, 47.5574033466574),c(-79.0996550784563, 35.9908595142453)
"42660","20700","Seattle-Tacoma-Bellevue, WA Metro Area","East Stroudsburg, PA Metro Area","MOVEDOUT",8,15,c(-121.881387433741, 47.5574033466574),c(-75.3394763256351, 41.058067816122)
"42660","20740","Seattle-Tacoma-Bellevue, WA Metro Area","Eau Claire, WI Metro Area","MOVEDOUT",56,50,c(-121.881387433741, 47.5574033466574),c(-91.2822168306455, 44.9387915959908)
"42660","20940","Seattle-Tacoma-Bellevue, WA Metro Area","El Centro, CA Metro Area","MOVEDOUT",25,39,c(-121.881387433741, 47.5574033466574),c(-115.365319730022, 33.0395059947015)
"42660","21060","Seattle-Tacoma-Bellevue, WA Metro Area","Elizabethtown-Fort Knox, KY Metro Area","MOVEDOUT",244,176,c(-121.881387433741, 47.5574033466574),c(-85.8851819578272, 37.6531158222235)
"42660","21140","Seattle-Tacoma-Bellevue, WA Metro Area","Elkhart-Goshen, IN Metro Area","MOVEDOUT",48,81,c(-121.881387433741, 47.5574033466574),c(-85.858755269227, 41.5973844916738)
"42660","21340","Seattle-Tacoma-Bellevue, WA Metro Area","El Paso, TX Metro Area","MOVEDOUT",342,207,c(-121.881387433741, 47.5574033466574),c(-106.234828732532, 31.7685507164602)
"42660","21420","Seattle-Tacoma-Bellevue, WA Metro Area","Enid, OK Metro Area","MOVEDOUT",86,99,c(-121.881387433741, 47.5574033466574),c(-97.7827232561481, 36.3790587109412)
"42660","21500","Seattle-Tacoma-Bellevue, WA Metro Area","Erie, PA Metro Area","MOVEDOUT",29,26,c(-121.881387433741, 47.5574033466574),c(-80.0981063430658, 42.1174762411053)
"42660","21660","Seattle-Tacoma-Bellevue, WA Metro Area","Eugene-Springfield, OR Metro Area","MOVEDOUT",844,379,c(-121.881387433741, 47.5574033466574),c(-122.876549729646, 43.9415522743403)
"42660","21780","Seattle-Tacoma-Bellevue, WA Metro Area","Evansville, IN-KY Metro Area","MOVEDOUT",30,33,c(-121.881387433741, 47.5574033466574),c(-87.5950482597958, 37.9795487676575)
"42660","21820","Seattle-Tacoma-Bellevue, WA Metro Area","Fairbanks, AK Metro Area","MOVEDOUT",45,55,c(-121.881387433741, 47.5574033466574),c(-146.562798691879, 64.8085186893039)
"42660","22020","Seattle-Tacoma-Bellevue, WA Metro Area","Fargo, ND-MN Metro Area","MOVEDOUT",158,220,c(-121.881387433741, 47.5574033466574),c(-96.9655108572927, 46.9178157010302)
"42660","22180","Seattle-Tacoma-Bellevue, WA Metro Area","Fayetteville, NC Metro Area","MOVEDOUT",501,233,c(-121.881387433741, 47.5574033466574),c(-78.9803636528555, 35.0369338197994)
"42660","22220","Seattle-Tacoma-Bellevue, WA Metro Area","Fayetteville-Springdale-Rogers, AR Metro Area","MOVEDOUT",102,72,c(-121.881387433741, 47.5574033466574),c(-94.1215703782321, 36.1961825591586)
"42660","22380","Seattle-Tacoma-Bellevue, WA Metro Area","Flagstaff, AZ Metro Area","MOVEDOUT",113,69,c(-121.881387433741, 47.5574033466574),c(-111.770504874854, 35.8387298410829)
"42660","22420","Seattle-Tacoma-Bellevue, WA Metro Area","Flint, MI Metro Area","MOVEDOUT",45,46,c(-121.881387433741, 47.5574033466574),c(-83.7067110469089, 43.0217229131313)
"42660","22500","Seattle-Tacoma-Bellevue, WA Metro Area","Florence, SC Metro Area","MOVEDOUT",0,NA,c(-121.881387433741, 47.5574033466574),c(-79.8084495577625, 34.1520189913295)
"42660","22660","Seattle-Tacoma-Bellevue, WA Metro Area","Fort Collins, CO Metro Area","MOVEDOUT",405,199,c(-121.881387433741, 47.5574033466574),c(-105.4611554898, 40.6664134977079)
"42660","22900","Seattle-Tacoma-Bellevue, WA Metro Area","Fort Smith, AR-OK Metro Area","MOVEDOUT",61,85,c(-121.881387433741, 47.5574033466574),c(-94.4634802302281, 35.2393827289611)
"42660","23060","Seattle-Tacoma-Bellevue, WA Metro Area","Fort Wayne, IN Metro Area","MOVEDOUT",11,17,c(-121.881387433741, 47.5574033466574),c(-85.2167747315693, 41.0053998865496)
"42660","23420","Seattle-Tacoma-Bellevue, WA Metro Area","Fresno, CA Metro Area","MOVEDOUT",339,206,c(-121.881387433741, 47.5574033466574),c(-119.649321243709, 36.7581795068282)
"42660","23460","Seattle-Tacoma-Bellevue, WA Metro Area","Gadsden, AL Metro Area","MOVEDOUT",22,34,c(-121.881387433741, 47.5574033466574),c(-86.0347622049929, 34.0452541283326)
"42660","23540","Seattle-Tacoma-Bellevue, WA Metro Area","Gainesville, FL Metro Area","MOVEDOUT",141,114,c(-121.881387433741, 47.5574033466574),c(-82.4765105761008, 29.6884615190268)
"42660","23580","Seattle-Tacoma-Bellevue, WA Metro Area","Gainesville, GA Metro Area","MOVEDOUT",261,347,c(-121.881387433741, 47.5574033466574),c(-83.81968107976, 34.3168890166057)
"42660","23900","Seattle-Tacoma-Bellevue, WA Metro Area","Gettysburg, PA Metro Area","MOVEDOUT",0,NA,c(-121.881387433741, 47.5574033466574),c(-77.2178877899673, 39.8714493465011)
"42660","24140","Seattle-Tacoma-Bellevue, WA Metro Area","Goldsboro, NC Metro Area","MOVEDOUT",66,98,c(-121.881387433741, 47.5574033466574),c(-78.0041479592364, 35.3637814163698)
"42660","24220","Seattle-Tacoma-Bellevue, WA Metro Area","Grand Forks, ND-MN Metro Area","MOVEDOUT",97,53,c(-121.881387433741, 47.5574033466574),c(-96.8444066246141, 47.8359640794909)
"42660","24260","Seattle-Tacoma-Bellevue, WA Metro Area","Grand Island, NE Metro Area","MOVEDOUT",27,40,c(-121.881387433741, 47.5574033466574),c(-98.3657055022168, 41.0868247276053)
"42660","24300","Seattle-Tacoma-Bellevue, WA Metro Area","Grand Junction, CO Metro Area","MOVEDOUT",70,47,c(-121.881387433741, 47.5574033466574),c(-108.466450737248, 39.0182788935768)
"42660","24340","Seattle-Tacoma-Bellevue, WA Metro Area","Grand Rapids-Kentwood, MI Metro Area","MOVEDOUT",178,144,c(-121.881387433741, 47.5574033466574),c(-85.4822361365848, 43.084939413302)
"42660","24420","Seattle-Tacoma-Bellevue, WA Metro Area","Grants Pass, OR Metro Area","MOVEDOUT",22,23,c(-121.881387433741, 47.5574033466574),c(-123.555579623396, 42.3654604606443)
"42660","24500","Seattle-Tacoma-Bellevue, WA Metro Area","Great Falls, MT Metro Area","MOVEDOUT",77,63,c(-121.881387433741, 47.5574033466574),c(-111.347149656136, 47.308018208444)
"42660","24540","Seattle-Tacoma-Bellevue, WA Metro Area","Greeley, CO Metro Area","MOVEDOUT",95,94,c(-121.881387433741, 47.5574033466574),c(-104.392514145513, 40.5548497381483)
"42660","24580","Seattle-Tacoma-Bellevue, WA Metro Area","Green Bay, WI Metro Area","MOVEDOUT",49,36,c(-121.881387433741, 47.5574033466574),c(-87.8250637264456, 44.6988090646894)
"42660","24660","Seattle-Tacoma-Bellevue, WA Metro Area","Greensboro-High Point, NC Metro Area","MOVEDOUT",119,107,c(-121.881387433741, 47.5574033466574),c(-79.7917392679558, 36.025952575879)
"42660","24780","Seattle-Tacoma-Bellevue, WA Metro Area","Greenville, NC Metro Area","MOVEDOUT",0,NA,c(-121.881387433741, 47.5574033466574),c(-77.4616739354598, 35.5622864456225)
"42660","24860","Seattle-Tacoma-Bellevue, WA Metro Area","Greenville-Anderson, SC Metro Area","MOVEDOUT",85,68,c(-121.881387433741, 47.5574033466574),c(-82.3305447190939, 34.7466711337861)
"42660","25060","Seattle-Tacoma-Bellevue, WA Metro Area","Gulfport-Biloxi, MS Metro Area","MOVEDOUT",233,190,c(-121.881387433741, 47.5574033466574),c(-89.2000914304155, 30.4959782709606)
"42660","25180","Seattle-Tacoma-Bellevue, WA Metro Area","Hagerstown-Martinsburg, MD-WV Metro Area","MOVEDOUT",114,184,c(-121.881387433741, 47.5574033466574),c(-77.9813769379228, 39.549902454201)
"42660","25260","Seattle-Tacoma-Bellevue, WA Metro Area","Hanford-Corcoran, CA Metro Area","MOVEDOUT",4,8,c(-121.881387433741, 47.5574033466574),c(-119.815502477026, 36.0753610051757)
"42660","25420","Seattle-Tacoma-Bellevue, WA Metro Area","Harrisburg-Carlisle, PA Metro Area","MOVEDOUT",210,169,c(-121.881387433741, 47.5574033466574),c(-77.1012011078832, 40.3266721697524)
"42660","25500","Seattle-Tacoma-Bellevue, WA Metro Area","Harrisonburg, VA Metro Area","MOVEDOUT",163,152,c(-121.881387433741, 47.5574033466574),c(-78.875712942824, 38.510612376134)
"42660","25540","Seattle-Tacoma-Bellevue, WA Metro Area","Hartford-East Hartford-MiddleTown, CT Metro Area","MOVEDOUT",116,74,c(-121.881387433741, 47.5574033466574),c(-72.5726864314834, 41.7181024096964)
"42660","25860","Seattle-Tacoma-Bellevue, WA Metro Area","Hickory-Lenoir-Morganton, NC Metro Area","MOVEDOUT",123,152,c(-121.881387433741, 47.5574033466574),c(-81.4546194361286, 35.813176483837)
"42660","25940","Seattle-Tacoma-Bellevue, WA Metro Area","Hilton Head Island-Bluffton, SC Metro Area","MOVEDOUT",152,134,c(-121.881387433741, 47.5574033466574),c(-80.8349199631538, 32.3850380590858)
"42660","25980","Seattle-Tacoma-Bellevue, WA Metro Area","Hinesville, GA Metro Area","MOVEDOUT",178,123,c(-121.881387433741, 47.5574033466574),c(-81.5723873672539, 31.7853094533422)
"42660","26300","Seattle-Tacoma-Bellevue, WA Metro Area","Hot Springs, AR Metro Area","MOVEDOUT",11,21,c(-121.881387433741, 47.5574033466574),c(-93.1504253642834, 34.576686498492)
"42660","26380","Seattle-Tacoma-Bellevue, WA Metro Area","Houma-Thibodaux, LA Metro Area","MOVEDOUT",17,28,c(-121.881387433741, 47.5574033466574),c(-90.6566173403142, 29.404454269864)
"42660","26420","Seattle-Tacoma-Bellevue, WA Metro Area","Houston-The Woodlands-Sugar Land, TX Metro Area","MOVEDOUT",1193,465,c(-121.881387433741, 47.5574033466574),c(-95.3422790447362, 29.802122851229)
"42660","26580","Seattle-Tacoma-Bellevue, WA Metro Area","Huntington-Ashland, WV-KY-OH Metro Area","MOVEDOUT",27,33,c(-121.881387433741, 47.5574033466574),c(-82.5482150751364, 38.406978054457)
"42660","26620","Seattle-Tacoma-Bellevue, WA Metro Area","Huntsville, AL Metro Area","MOVEDOUT",152,104,c(-121.881387433741, 47.5574033466574),c(-86.7346421543192, 34.7831889247537)
"42660","26820","Seattle-Tacoma-Bellevue, WA Metro Area","Idaho Falls, ID Metro Area","MOVEDOUT",91,61,c(-121.881387433741, 47.5574033466574),c(-111.872168008676, 43.5474694052986)
"42660","26900","Seattle-Tacoma-Bellevue, WA Metro Area","Indianapolis-Carmel-Anderson, IN Metro Area","MOVEDOUT",159,111,c(-121.881387433741, 47.5574033466574),c(-86.2632235701071, 39.6988546361885)
"42660","26980","Seattle-Tacoma-Bellevue, WA Metro Area","Iowa City, IA Metro Area","MOVEDOUT",10,18,c(-121.881387433741, 47.5574033466574),c(-91.6499723661245, 41.511347030948)
"42660","27060","Seattle-Tacoma-Bellevue, WA Metro Area","Ithaca, NY Metro Area","MOVEDOUT",48,43,c(-121.881387433741, 47.5574033466574),c(-76.473658618432, 42.452016268283)
"42660","27100","Seattle-Tacoma-Bellevue, WA Metro Area","Jackson, MI Metro Area","MOVEDOUT",13,13,c(-121.881387433741, 47.5574033466574),c(-84.423437536625, 42.2484866433794)
"42660","27140","Seattle-Tacoma-Bellevue, WA Metro Area","Jackson, MS Metro Area","MOVEDOUT",19,25,c(-121.881387433741, 47.5574033466574),c(-90.1769038061522, 32.2022355334667)
"42660","27180","Seattle-Tacoma-Bellevue, WA Metro Area","Jackson, TN Metro Area","MOVEDOUT",10,17,c(-121.881387433741, 47.5574033466574),c(-88.7624027625924, 35.5451310023919)
"42660","27260","Seattle-Tacoma-Bellevue, WA Metro Area","Jacksonville, FL Metro Area","MOVEDOUT",372,179,c(-121.881387433741, 47.5574033466574),c(-81.7574985628501, 30.234072647672)
"42660","27340","Seattle-Tacoma-Bellevue, WA Metro Area","Jacksonville, NC Metro Area","MOVEDOUT",42,42,c(-121.881387433741, 47.5574033466574),c(-77.4159487813409, 34.709432092728)
"42660","27500","Seattle-Tacoma-Bellevue, WA Metro Area","Janesville-Beloit, WI Metro Area","MOVEDOUT",46,38,c(-121.881387433741, 47.5574033466574),c(-89.0715769497585, 42.6712238132861)
"42660","27620","Seattle-Tacoma-Bellevue, WA Metro Area","Jefferson City, MO Metro Area","MOVEDOUT",0,NA,c(-121.881387433741, 47.5574033466574),c(-92.0916925916174, 38.6398127893249)
"42660","27780","Seattle-Tacoma-Bellevue, WA Metro Area","JohnsTown, PA Metro Area","MOVEDOUT",0,NA,c(-121.881387433741, 47.5574033466574),c(-78.7137032910237, 40.4952940087995)
"42660","27900","Seattle-Tacoma-Bellevue, WA Metro Area","Joplin, MO Metro Area","MOVEDOUT",0,NA,c(-121.881387433741, 47.5574033466574),c(-94.339938992699, 37.0565419128931)
"42660","27980","Seattle-Tacoma-Bellevue, WA Metro Area","Kahului-Wailuku-Lahaina, HI Metro Area","MOVEDOUT",170,94,c(-121.881387433741, 47.5574033466574),c(-156.380744416186, 20.7671145863175)
"42660","28020","Seattle-Tacoma-Bellevue, WA Metro Area","Kalamazoo-Portage, MI Metro Area","MOVEDOUT",4,6,c(-121.881387433741, 47.5574033466574),c(-86.0371757666266, 42.2713355221257)
"42660","28100","Seattle-Tacoma-Bellevue, WA Metro Area","Kankakee, IL Metro Area","MOVEDOUT",0,NA,c(-121.881387433741, 47.5574033466574),c(-87.8617982423764, 41.1377047871632)
"42660","28140","Seattle-Tacoma-Bellevue, WA Metro Area","Kansas City, MO-KS Metro Area","MOVEDOUT",695,368,c(-121.881387433741, 47.5574033466574),c(-94.505195745316, 38.9102602137401)
"42660","28420","Seattle-Tacoma-Bellevue, WA Metro Area","Kennewick-Richland, WA Metro Area","MOVEDOUT",1037,286,c(-121.881387433741, 47.5574033466574),c(-119.254308277639, 46.3635375646238)
"42660","28660","Seattle-Tacoma-Bellevue, WA Metro Area","Killeen-Temple, TX Metro Area","MOVEDOUT",661,314,c(-121.881387433741, 47.5574033466574),c(-97.7876979924363, 31.2080935659369)
"42660","28700","Seattle-Tacoma-Bellevue, WA Metro Area","Kingsport-Bristol, TN-VA Metro Area","MOVEDOUT",4,10,c(-121.881387433741, 47.5574033466574),c(-82.4425656450695, 36.6077396279969)
"42660","28740","Seattle-Tacoma-Bellevue, WA Metro Area","Kingston, NY Metro Area","MOVEDOUT",41,64,c(-121.881387433741, 47.5574033466574),c(-74.2585694771285, 41.8881456560833)
"42660","28940","Seattle-Tacoma-Bellevue, WA Metro Area","Knoxville, TN Metro Area","MOVEDOUT",102,81,c(-121.881387433741, 47.5574033466574),c(-84.0153072108501, 35.9311506362029)
"42660","29100","Seattle-Tacoma-Bellevue, WA Metro Area","La Crosse-Onalaska, WI-MN Metro Area","MOVEDOUT",0,NA,c(-121.881387433741, 47.5574033466574),c(-91.3196670155471, 43.7792488096587)
"42660","29180","Seattle-Tacoma-Bellevue, WA Metro Area","Lafayette, LA Metro Area","MOVEDOUT",39,57,c(-121.881387433741, 47.5574033466574),c(-91.8307032632812, 30.2215791372737)
"42660","29200","Seattle-Tacoma-Bellevue, WA Metro Area","Lafayette-West Lafayette, IN Metro Area","MOVEDOUT",132,76,c(-121.881387433741, 47.5574033466574),c(-86.9295545570988, 40.514328966063)
"42660","29420","Seattle-Tacoma-Bellevue, WA Metro Area","Lake Havasu City-Kingman, AZ Metro Area","MOVEDOUT",293,171,c(-121.881387433741, 47.5574033466574),c(-113.757910292757, 35.7040449093169)
"42660","29460","Seattle-Tacoma-Bellevue, WA Metro Area","Lakeland-Winter Haven, FL Metro Area","MOVEDOUT",33,41,c(-121.881387433741, 47.5574033466574),c(-81.6976676309539, 27.9488750929478)
"42660","29540","Seattle-Tacoma-Bellevue, WA Metro Area","Lancaster, PA Metro Area","MOVEDOUT",204,176,c(-121.881387433741, 47.5574033466574),c(-76.2477047396748, 40.0424385718765)
"42660","29620","Seattle-Tacoma-Bellevue, WA Metro Area","Lansing-East Lansing, MI Metro Area","MOVEDOUT",52,48,c(-121.881387433741, 47.5574033466574),c(-84.606974109277, 42.7133002928004)
"42660","29700","Seattle-Tacoma-Bellevue, WA Metro Area","Laredo, TX Metro Area","MOVEDOUT",0,NA,c(-121.881387433741, 47.5574033466574),c(-99.3315652897439, 27.7610624253427)
"42660","29740","Seattle-Tacoma-Bellevue, WA Metro Area","Las Cruces, NM Metro Area","MOVEDOUT",0,NA,c(-121.881387433741, 47.5574033466574),c(-106.832800432765, 32.3526796706703)
"42660","29820","Seattle-Tacoma-Bellevue, WA Metro Area","Las Vegas-Henderson-Paradise, NV Metro Area","MOVEDOUT",1885,568,c(-121.881387433741, 47.5574033466574),c(-115.013560931014, 36.2151990515488)
"42660","29940","Seattle-Tacoma-Bellevue, WA Metro Area","Lawrence, KS Metro Area","MOVEDOUT",28,45,c(-121.881387433741, 47.5574033466574),c(-95.2926062526686, 38.8846596030833)
"42660","30020","Seattle-Tacoma-Bellevue, WA Metro Area","Lawton, OK Metro Area","MOVEDOUT",115,99,c(-121.881387433741, 47.5574033466574),c(-98.4716610542788, 34.6621012916238)
"42660","30140","Seattle-Tacoma-Bellevue, WA Metro Area","Lebanon, PA Metro Area","MOVEDOUT",22,35,c(-121.881387433741, 47.5574033466574),c(-76.4577120164042, 40.3672317378285)
"42660","30300","Seattle-Tacoma-Bellevue, WA Metro Area","Lewiston, ID-WA Metro Area","MOVEDOUT",154,103,c(-121.881387433741, 47.5574033466574),c(-116.943764960031, 46.2691058815811)
"42660","30340","Seattle-Tacoma-Bellevue, WA Metro Area","Lewiston-Auburn, ME Metro Area","MOVEDOUT",13,21,c(-121.881387433741, 47.5574033466574),c(-70.2064449960266, 44.1658484293433)
"42660","30460","Seattle-Tacoma-Bellevue, WA Metro Area","Lexington-Fayette, KY Metro Area","MOVEDOUT",18,27,c(-121.881387433741, 47.5574033466574),c(-84.4330599026738, 38.0905122150868)
"42660","30700","Seattle-Tacoma-Bellevue, WA Metro Area","Lincoln, NE Metro Area","MOVEDOUT",54,51,c(-121.881387433741, 47.5574033466574),c(-96.870816211429, 40.8199193211291)
"42660","30780","Seattle-Tacoma-Bellevue, WA Metro Area","Little Rock-North Little Rock-Conway, AR Metro Area","MOVEDOUT",128,134,c(-121.881387433741, 47.5574033466574),c(-92.3971662002715, 34.7572198345317)
"42660","30860","Seattle-Tacoma-Bellevue, WA Metro Area","Logan, UT-ID Metro Area","MOVEDOUT",270,231,c(-121.881387433741, 47.5574033466574),c(-111.768964276847, 41.8896476450444)
"42660","30980","Seattle-Tacoma-Bellevue, WA Metro Area","Longview, TX Metro Area","MOVEDOUT",34,29,c(-121.881387433741, 47.5574033466574),c(-94.8294359135371, 32.3716586065097)
"42660","31020","Seattle-Tacoma-Bellevue, WA Metro Area","Longview, WA Metro Area","MOVEDOUT",226,130,c(-121.881387433741, 47.5574033466574),c(-122.680784512135, 46.1932916960878)
"42660","31080","Seattle-Tacoma-Bellevue, WA Metro Area","Los Angeles-Long Beach-Anaheim, CA Metro Area","MOVEDOUT",5585,630,c(-121.881387433741, 47.5574033466574),c(-118.150023187192, 34.2128143512093)
"42660","31140","Seattle-Tacoma-Bellevue, WA Metro Area","Louisville/Jefferson County, KY-IN Metro Area","MOVEDOUT",119,80,c(-121.881387433741, 47.5574033466574),c(-85.6888198026424, 38.2389658981225)
"42660","31180","Seattle-Tacoma-Bellevue, WA Metro Area","Lubbock, TX Metro Area","MOVEDOUT",39,61,c(-121.881387433741, 47.5574033466574),c(-101.560102028931, 33.612416556001)
"42660","31340","Seattle-Tacoma-Bellevue, WA Metro Area","Lynchburg, VA Metro Area","MOVEDOUT",51,46,c(-121.881387433741, 47.5574033466574),c(-79.2197124966535, 37.3650125099512)
"42660","31420","Seattle-Tacoma-Bellevue, WA Metro Area","Macon-Bibb County, GA Metro Area","MOVEDOUT",90,73,c(-121.881387433741, 47.5574033466574),c(-83.7149068723025, 32.8576948920922)
"42660","31460","Seattle-Tacoma-Bellevue, WA Metro Area","Madera, CA Metro Area","MOVEDOUT",41,56,c(-121.881387433741, 47.5574033466574),c(-119.762645851461, 37.2180358703882)
"42660","31540","Seattle-Tacoma-Bellevue, WA Metro Area","Madison, WI Metro Area","MOVEDOUT",335,175,c(-121.881387433741, 47.5574033466574),c(-89.5901851448952, 43.1630403874619)
"42660","31700","Seattle-Tacoma-Bellevue, WA Metro Area","Manchester-Nashua, NH Metro Area","MOVEDOUT",14,24,c(-121.881387433741, 47.5574033466574),c(-71.7160088181932, 42.9153058011702)
"42660","31740","Seattle-Tacoma-Bellevue, WA Metro Area","Manhattan, KS Metro Area","MOVEDOUT",23,35,c(-121.881387433741, 47.5574033466574),c(-96.5593545182787, 39.2714367203824)
"42660","31860","Seattle-Tacoma-Bellevue, WA Metro Area","Mankato, MN Metro Area","MOVEDOUT",15,17,c(-121.881387433741, 47.5574033466574),c(-94.1355315237257, 44.1543989982915)
"42660","31900","Seattle-Tacoma-Bellevue, WA Metro Area","Mansfield, OH Metro Area","MOVEDOUT",0,NA,c(-121.881387433741, 47.5574033466574),c(-82.5364840032739, 40.7746842829183)
"42660","32580","Seattle-Tacoma-Bellevue, WA Metro Area","McAllen-Edinburg-Mission, TX Metro Area","MOVEDOUT",0,NA,c(-121.881387433741, 47.5574033466574),c(-98.1810705058907, 26.3967205885689)
"42660","32780","Seattle-Tacoma-Bellevue, WA Metro Area","Medford, OR Metro Area","MOVEDOUT",305,319,c(-121.881387433741, 47.5574033466574),c(-122.728430834089, 42.4321485782614)
"42660","32820","Seattle-Tacoma-Bellevue, WA Metro Area","Memphis, TN-MS-AR Metro Area","MOVEDOUT",194,169,c(-121.881387433741, 47.5574033466574),c(-89.8696112448334, 35.0241855005169)
"42660","32900","Seattle-Tacoma-Bellevue, WA Metro Area","Merced, CA Metro Area","MOVEDOUT",81,168,c(-121.881387433741, 47.5574033466574),c(-120.717668624233, 37.1918569455357)
"42660","33100","Seattle-Tacoma-Bellevue, WA Metro Area","Miami-Fort Lauderdale-Pompano Beach, FL Metro Area","MOVEDOUT",661,207,c(-121.881387433741, 47.5574033466574),c(-80.4652018420816, 26.1310646146683)
"42660","33140","Seattle-Tacoma-Bellevue, WA Metro Area","Michigan City-La Porte, IN Metro Area","MOVEDOUT",20,20,c(-121.881387433741, 47.5574033466574),c(-86.7423662579725, 41.5490215590779)
"42660","33220","Seattle-Tacoma-Bellevue, WA Metro Area","Midland, MI Metro Area","MOVEDOUT",0,NA,c(-121.881387433741, 47.5574033466574),c(-84.3881091899644, 43.6468564313169)
"42660","33260","Seattle-Tacoma-Bellevue, WA Metro Area","Midland, TX Metro Area","MOVEDOUT",0,NA,c(-121.881387433741, 47.5574033466574),c(-102.031623535317, 31.8691687115767)
"42660","33340","Seattle-Tacoma-Bellevue, WA Metro Area","Milwaukee-Waukesha, WI Metro Area","MOVEDOUT",261,165,c(-121.881387433741, 47.5574033466574),c(-87.7969878691805, 43.1803927723573)
"42660","33460","Seattle-Tacoma-Bellevue, WA Metro Area","Minneapolis-St. Paul-Bloomington, MN-WI Metro Area","MOVEDOUT",1794,593,c(-121.881387433741, 47.5574033466574),c(-93.2033708005296, 45.0665145611647)
"42660","33540","Seattle-Tacoma-Bellevue, WA Metro Area","Missoula, MT Metro Area","MOVEDOUT",610,384,c(-121.881387433741, 47.5574033466574),c(-113.923709094279, 47.0364887119777)
"42660","33660","Seattle-Tacoma-Bellevue, WA Metro Area","Mobile, AL Metro Area","MOVEDOUT",99,127,c(-121.881387433741, 47.5574033466574),c(-88.1975295763405, 30.6851469105803)
"42660","33700","Seattle-Tacoma-Bellevue, WA Metro Area","Modesto, CA Metro Area","MOVEDOUT",17,31,c(-121.881387433741, 47.5574033466574),c(-120.997741565743, 37.559165406261)
"42660","33860","Seattle-Tacoma-Bellevue, WA Metro Area","Montgomery, AL Metro Area","MOVEDOUT",12,32,c(-121.881387433741, 47.5574033466574),c(-86.4032432127574, 32.3606124908881)
"42660","34060","Seattle-Tacoma-Bellevue, WA Metro Area","MorganTown, WV Metro Area","MOVEDOUT",115,152,c(-121.881387433741, 47.5574033466574),c(-79.8044531965202, 39.5272835227867)
"42660","34580","Seattle-Tacoma-Bellevue, WA Metro Area","Mount Vernon-Anacortes, WA Metro Area","MOVEDOUT",2509,375,c(-121.881387433741, 47.5574033466574),c(-121.802269824328, 48.4821504052732)
"42660","34740","Seattle-Tacoma-Bellevue, WA Metro Area","Muskegon, MI Metro Area","MOVEDOUT",30,40,c(-121.881387433741, 47.5574033466574),c(-86.5352338459157, 43.2899298732172)
"42660","34820","Seattle-Tacoma-Bellevue, WA Metro Area","Myrtle Beach-Conway-North Myrtle Beach, SC-NC Metro Area","MOVEDOUT",5,7,c(-121.881387433741, 47.5574033466574),c(-78.9761494628465, 33.9044792829208)
"42660","34900","Seattle-Tacoma-Bellevue, WA Metro Area","Napa, CA Metro Area","MOVEDOUT",58,55,c(-121.881387433741, 47.5574033466574),c(-122.330533195643, 38.5064736573128)
"42660","34940","Seattle-Tacoma-Bellevue, WA Metro Area","Naples-Marco Island, FL Metro Area","MOVEDOUT",182,228,c(-121.881387433741, 47.5574033466574),c(-81.3809730172991, 26.0992389718907)
"42660","34980","Seattle-Tacoma-Bellevue, WA Metro Area","Nashville-Davidson--Murfreesboro--Franklin, TN Metro Area","MOVEDOUT",1444,661,c(-121.881387433741, 47.5574033466574),c(-86.6870181294454, 36.1392032299833)
"42660","35100","Seattle-Tacoma-Bellevue, WA Metro Area","New Bern, NC Metro Area","MOVEDOUT",0,NA,c(-121.881387433741, 47.5574033466574),c(-77.0238047313889, 35.1030515638647)
"42660","35300","Seattle-Tacoma-Bellevue, WA Metro Area","New Haven-Milford, CT Metro Area","MOVEDOUT",124,88,c(-121.881387433741, 47.5574033466574),c(-72.8998602354979, 41.3488204704997)
"42660","35380","Seattle-Tacoma-Bellevue, WA Metro Area","New Orleans-Metairie, LA Metro Area","MOVEDOUT",229,118,c(-121.881387433741, 47.5574033466574),c(-89.6715487703441, 29.8033398730553)
"42660","35620","Seattle-Tacoma-Bellevue, WA Metro Area","New York-Newark-Jersey City, NY-NJ-PA Metro Area","MOVEDOUT",3056,854,c(-121.881387433741, 47.5574033466574),c(-73.8798514365529, 40.7732597815235)
"42660","35660","Seattle-Tacoma-Bellevue, WA Metro Area","Niles, MI Metro Area","MOVEDOUT",17,22,c(-121.881387433741, 47.5574033466574),c(-86.685421162337, 41.9957776871944)
"42660","35840","Seattle-Tacoma-Bellevue, WA Metro Area","North Port-Sarasota-Bradenton, FL Metro Area","MOVEDOUT",13,19,c(-121.881387433741, 47.5574033466574),c(-82.3608702203258, 27.3454620870151)
"42660","35980","Seattle-Tacoma-Bellevue, WA Metro Area","Norwich-New London, CT Metro Area","MOVEDOUT",17,25,c(-121.881387433741, 47.5574033466574),c(-72.1064883783962, 41.4667226297028)
"42660","36140","Seattle-Tacoma-Bellevue, WA Metro Area","Ocean City, NJ Metro Area","MOVEDOUT",7,11,c(-121.881387433741, 47.5574033466574),c(-74.8499819876546, 39.0851270536359)
"42660","36260","Seattle-Tacoma-Bellevue, WA Metro Area","Ogden-Clearfield, UT Metro Area","MOVEDOUT",575,288,c(-121.881387433741, 47.5574033466574),c(-111.869981307697, 41.1191861867074)
"42660","36420","Seattle-Tacoma-Bellevue, WA Metro Area","Oklahoma City, OK Metro Area","MOVEDOUT",245,117,c(-121.881387433741, 47.5574033466574),c(-97.5038814490705, 35.4298678749503)
"42660","36500","Seattle-Tacoma-Bellevue, WA Metro Area","Olympia-Lacey-Tumwater, WA Metro Area","MOVEDOUT",7010,1019,c(-121.881387433741, 47.5574033466574),c(-122.832075603635, 46.9295010739913)
"42660","36540","Seattle-Tacoma-Bellevue, WA Metro Area","Omaha-Council Bluffs, NE-IA Metro Area","MOVEDOUT",157,142,c(-121.881387433741, 47.5574033466574),c(-95.9991244392359, 41.2900842069545)
"42660","36740","Seattle-Tacoma-Bellevue, WA Metro Area","Orlando-Kissimmee-Sanford, FL Metro Area","MOVEDOUT",1027,423,c(-121.881387433741, 47.5574033466574),c(-81.3630504913141, 28.4343585875859)
"42660","36780","Seattle-Tacoma-Bellevue, WA Metro Area","Oshkosh-Neenah, WI Metro Area","MOVEDOUT",31,44,c(-121.881387433741, 47.5574033466574),c(-88.6446589221891, 44.0688770598831)
"42660","37100","Seattle-Tacoma-Bellevue, WA Metro Area","Oxnard-Thousand Oaks-Ventura, CA Metro Area","MOVEDOUT",273,151,c(-121.881387433741, 47.5574033466574),c(-119.090385572075, 34.4464885543547)
"42660","37340","Seattle-Tacoma-Bellevue, WA Metro Area","Palm Bay-Melbourne-Titusville, FL Metro Area","MOVEDOUT",117,105,c(-121.881387433741, 47.5574033466574),c(-80.7012055192101, 28.3003141522496)
"42660","37460","Seattle-Tacoma-Bellevue, WA Metro Area","Panama City, FL Metro Area","MOVEDOUT",16,27,c(-121.881387433741, 47.5574033466574),c(-85.6326228012155, 30.2376465512653)
"42660","37620","Seattle-Tacoma-Bellevue, WA Metro Area","Parkersburg-Vienna, WV Metro Area","MOVEDOUT",24,36,c(-121.881387433741, 47.5574033466574),c(-81.4484181566324, 39.3078048264281)
"42660","37860","Seattle-Tacoma-Bellevue, WA Metro Area","Pensacola-Ferry Pass-Brent, FL Metro Area","MOVEDOUT",131,82,c(-121.881387433741, 47.5574033466574),c(-87.156271986453, 30.659396235232)
"42660","37900","Seattle-Tacoma-Bellevue, WA Metro Area","Peoria, IL Metro Area","MOVEDOUT",86,117,c(-121.881387433741, 47.5574033466574),c(-89.5159190963433, 40.7891574838122)
"42660","37980","Seattle-Tacoma-Bellevue, WA Metro Area","Philadelphia-Camden-Wilmington, PA-NJ-DE-MD Metro Area","MOVEDOUT",952,389,c(-121.881387433741, 47.5574033466574),c(-75.311787898265, 39.8958339432863)
"42660","38060","Seattle-Tacoma-Bellevue, WA Metro Area","Phoenix-Mesa-Chandler, AZ Metro Area","MOVEDOUT",6069,1217,c(-121.881387433741, 47.5574033466574),c(-112.070491292226, 33.185706559268)
"42660","38300","Seattle-Tacoma-Bellevue, WA Metro Area","Pittsburgh, PA Metro Area","MOVEDOUT",322,144,c(-121.881387433741, 47.5574033466574),c(-79.8309606592053, 40.4390151897588)
"42660","38340","Seattle-Tacoma-Bellevue, WA Metro Area","Pittsfield, MA Metro Area","MOVEDOUT",40,66,c(-121.881387433741, 47.5574033466574),c(-73.2064038800772, 42.3706738934814)
"42660","38540","Seattle-Tacoma-Bellevue, WA Metro Area","Pocatello, ID Metro Area","MOVEDOUT",64,49,c(-121.881387433741, 47.5574033466574),c(-112.567819517854, 42.6825343179209)
"42660","38860","Seattle-Tacoma-Bellevue, WA Metro Area","Portland-South Portland, ME Metro Area","MOVEDOUT",116,114,c(-121.881387433741, 47.5574033466574),c(-70.416869047808, 43.6529644724717)
"42660","38900","Seattle-Tacoma-Bellevue, WA Metro Area","Portland-Vancouver-Hillsboro, OR-WA Metro Area","MOVEDOUT",5786,652,c(-121.881387433741, 47.5574033466574),c(-122.478565818679, 45.5981781751352)
"42660","38940","Seattle-Tacoma-Bellevue, WA Metro Area","Port St. Lucie, FL Metro Area","MOVEDOUT",97,98,c(-121.881387433741, 47.5574033466574),c(-80.4210006007892, 27.2246640348838)
"42660","39100","Seattle-Tacoma-Bellevue, WA Metro Area","Poughkeepsie-Newburgh-MiddleTown, NY Metro Area","MOVEDOUT",40,36,c(-121.881387433741, 47.5574033466574),c(-74.0256828608515, 41.5826941571444)
"42660","39150","Seattle-Tacoma-Bellevue, WA Metro Area","Prescott Valley-Prescott, AZ Metro Area","MOVEDOUT",457,183,c(-121.881387433741, 47.5574033466574),c(NA, NA)
"42660","39300","Seattle-Tacoma-Bellevue, WA Metro Area","Providence-Warwick, RI-MA Metro Area","MOVEDOUT",334,305,c(-121.881387433741, 47.5574033466574),c(-71.3801959502074, 41.6682876679131)
"42660","39340","Seattle-Tacoma-Bellevue, WA Metro Area","Provo-Orem, UT Metro Area","MOVEDOUT",602,210,c(-121.881387433741, 47.5574033466574),c(-112.352673312044, 39.8644245778437)
"42660","39380","Seattle-Tacoma-Bellevue, WA Metro Area","Pueblo, CO Metro Area","MOVEDOUT",52,50,c(-121.881387433741, 47.5574033466574),c(-104.512846810945, 38.1734238817292)
"42660","39460","Seattle-Tacoma-Bellevue, WA Metro Area","Punta Gorda, FL Metro Area","MOVEDOUT",0,NA,c(-121.881387433741, 47.5574033466574),c(-81.9503102944886, 26.8998486900554)
"42660","39540","Seattle-Tacoma-Bellevue, WA Metro Area","Racine, WI Metro Area","MOVEDOUT",52,70,c(-121.881387433741, 47.5574033466574),c(-87.6960633558587, 42.7511710386086)
"42660","39580","Seattle-Tacoma-Bellevue, WA Metro Area","Raleigh-Cary, NC Metro Area","MOVEDOUT",287,177,c(-121.881387433741, 47.5574033466574),c(-78.4608030060398, 35.7571343935163)
"42660","39660","Seattle-Tacoma-Bellevue, WA Metro Area","Rapid City, SD Metro Area","MOVEDOUT",33,50,c(-121.881387433741, 47.5574033466574),c(-102.764139015628, 44.3179835971672)
"42660","39740","Seattle-Tacoma-Bellevue, WA Metro Area","Reading, PA Metro Area","MOVEDOUT",38,68,c(-121.881387433741, 47.5574033466574),c(-75.925997731989, 40.4162954688892)
"42660","39820","Seattle-Tacoma-Bellevue, WA Metro Area","Redding, CA Metro Area","MOVEDOUT",138,102,c(-121.881387433741, 47.5574033466574),c(-122.040521550274, 40.7637665910163)
"42660","39900","Seattle-Tacoma-Bellevue, WA Metro Area","Reno, NV Metro Area","MOVEDOUT",318,169,c(-121.881387433741, 47.5574033466574),c(-119.659150370246, 40.6189976104749)
"42660","40060","Seattle-Tacoma-Bellevue, WA Metro Area","Richmond, VA Metro Area","MOVEDOUT",296,227,c(-121.881387433741, 47.5574033466574),c(-77.5235048694727, 37.524262759528)
"42660","40140","Seattle-Tacoma-Bellevue, WA Metro Area","Riverside-San Bernardino-Ontario, CA Metro Area","MOVEDOUT",1969,620,c(-121.881387433741, 47.5574033466574),c(-116.129731688999, 34.5516824058412)
"42660","40220","Seattle-Tacoma-Bellevue, WA Metro Area","Roanoke, VA Metro Area","MOVEDOUT",104,82,c(-121.881387433741, 47.5574033466574),c(-79.9469127056889, 37.2861509651136)
"42660","40340","Seattle-Tacoma-Bellevue, WA Metro Area","Rochester, MN Metro Area","MOVEDOUT",14,13,c(-121.881387433741, 47.5574033466574),c(-92.4671761841844, 44.102842210396)
"42660","40380","Seattle-Tacoma-Bellevue, WA Metro Area","Rochester, NY Metro Area","MOVEDOUT",113,71,c(-121.881387433741, 47.5574033466574),c(-77.5539366003257, 43.1885123398662)
"42660","40580","Seattle-Tacoma-Bellevue, WA Metro Area","Rocky Mount, NC Metro Area","MOVEDOUT",0,NA,c(-121.881387433741, 47.5574033466574),c(-77.7985458146465, 35.941039013153)
"42660","40900","Seattle-Tacoma-Bellevue, WA Metro Area","Sacramento-Roseville-Folsom, CA Metro Area","MOVEDOUT",973,301,c(-121.881387433741, 47.5574033466574),c(-120.997634954575, 38.7805003828515)
"42660","40980","Seattle-Tacoma-Bellevue, WA Metro Area","Saginaw, MI Metro Area","MOVEDOUT",5,6,c(-121.881387433741, 47.5574033466574),c(-84.0531870421123, 43.3350287386299)
"42660","41060","Seattle-Tacoma-Bellevue, WA Metro Area","St. Cloud, MN Metro Area","MOVEDOUT",0,NA,c(-121.881387433741, 47.5574033466574),c(-94.4720310624361, 45.5858913091111)
"42660","41100","Seattle-Tacoma-Bellevue, WA Metro Area","St. George, UT Metro Area","MOVEDOUT",270,208,c(-121.881387433741, 47.5574033466574),c(-113.504943825592, 37.280360795179)
"42660","41140","Seattle-Tacoma-Bellevue, WA Metro Area","St. Joseph, MO-KS Metro Area","MOVEDOUT",0,NA,c(-121.881387433741, 47.5574033466574),c(-94.7838849655521, 39.8341761620709)
"42660","41180","Seattle-Tacoma-Bellevue, WA Metro Area","St. Louis, MO-IL Metro Area","MOVEDOUT",425,150,c(-121.881387433741, 47.5574033466574),c(-90.3951307877679, 38.6692147967224)
"42660","41420","Seattle-Tacoma-Bellevue, WA Metro Area","Salem, OR Metro Area","MOVEDOUT",574,231,c(-121.881387433741, 47.5574033466574),c(-122.903065358206, 44.9033001383737)
"42660","41500","Seattle-Tacoma-Bellevue, WA Metro Area","Salinas, CA Metro Area","MOVEDOUT",243,118,c(-121.881387433741, 47.5574033466574),c(-121.308901559839, 36.2397743981979)
"42660","41540","Seattle-Tacoma-Bellevue, WA Metro Area","Salisbury, MD-DE Metro Area","MOVEDOUT",1,2,c(-121.881387433741, 47.5574033466574),c(-75.765358135184, 38.1949315512667)
"42660","41620","Seattle-Tacoma-Bellevue, WA Metro Area","Salt Lake City, UT Metro Area","MOVEDOUT",1887,860,c(-121.881387433741, 47.5574033466574),c(-112.620837658359, 40.545989916448)
"42660","41660","Seattle-Tacoma-Bellevue, WA Metro Area","San Angelo, TX Metro Area","MOVEDOUT",42,55,c(-121.881387433741, 47.5574033466574),c(-100.673038956832, 31.3636636294813)
"42660","41700","Seattle-Tacoma-Bellevue, WA Metro Area","San Antonio-New Braunfels, TX Metro Area","MOVEDOUT",1085,329,c(-121.881387433741, 47.5574033466574),c(-98.6022590795075, 29.4287617920901)
"42660","41740","Seattle-Tacoma-Bellevue, WA Metro Area","San Diego-Chula Vista-Carlsbad, CA Metro Area","MOVEDOUT",3080,900,c(-121.881387433741, 47.5574033466574),c(-116.770205431494, 33.0282023208097)
"42660","41860","Seattle-Tacoma-Bellevue, WA Metro Area","San Francisco-Oakland-Berkeley, CA Metro Area","MOVEDOUT",3853,645,c(-121.881387433741, 47.5574033466574),c(-122.251769455462, 37.7752798462342)
"42660","41900","Seattle-Tacoma-Bellevue, WA Metro Area","San Germn, PR Metro Area","MOVEDOUT",0,NA,c(-121.881387433741, 47.5574033466574),c(-67.1012748460424, 18.0298989111962)
"42660","41940","Seattle-Tacoma-Bellevue, WA Metro Area","San Jose-Sunnyvale-Santa Clara, CA Metro Area","MOVEDOUT",2129,474,c(-121.881387433741, 47.5574033466574),c(-121.376926677813, 36.9103091198969)
"42660","41980","Seattle-Tacoma-Bellevue, WA Metro Area","San Juan-Bayamn-Caguas, PR Metro Area","MOVEDOUT",160,166,c(-121.881387433741, 47.5574033466574),c(-66.2234349554748, 18.3156407884532)
"42660","42020","Seattle-Tacoma-Bellevue, WA Metro Area","San Luis Obispo-Paso Robles, CA Metro Area","MOVEDOUT",327,113,c(-121.881387433741, 47.5574033466574),c(-120.452196914329, 35.3874155294427)
"42660","42100","Seattle-Tacoma-Bellevue, WA Metro Area","Santa Cruz-Watsonville, CA Metro Area","MOVEDOUT",245,140,c(-121.881387433741, 47.5574033466574),c(-122.009785397467, 37.0216059477939)
"42660","42140","Seattle-Tacoma-Bellevue, WA Metro Area","Santa Fe, NM Metro Area","MOVEDOUT",110,74,c(-121.881387433741, 47.5574033466574),c(-105.976120893535, 35.5068563913685)
"42660","42200","Seattle-Tacoma-Bellevue, WA Metro Area","Santa Maria-Santa Barbara, CA Metro Area","MOVEDOUT",435,234,c(-121.881387433741, 47.5574033466574),c(-120.055193156306, 34.6996499371524)
"42660","42220","Seattle-Tacoma-Bellevue, WA Metro Area","Santa Rosa-Petaluma, CA Metro Area","MOVEDOUT",206,115,c(-121.881387433741, 47.5574033466574),c(-122.922544032194, 38.5252932350857)
"42660","42340","Seattle-Tacoma-Bellevue, WA Metro Area","Savannah, GA Metro Area","MOVEDOUT",162,110,c(-121.881387433741, 47.5574033466574),c(-81.2704697337363, 32.1067031763369)
"42660","42540","Seattle-Tacoma-Bellevue, WA Metro Area","Scranton--Wilkes-Barre, PA Metro Area","MOVEDOUT",11,18,c(-121.881387433741, 47.5574033466574),c(-75.8957330451142, 41.3231844163292)
"42660","42680","Seattle-Tacoma-Bellevue, WA Metro Area","Sebastian-Vero Beach, FL Metro Area","MOVEDOUT",0,NA,c(-121.881387433741, 47.5574033466574),c(-80.5740896737382, 27.6963908996207)
"42660","42700","Seattle-Tacoma-Bellevue, WA Metro Area","Sebring-Avon Park, FL Metro Area","MOVEDOUT",4,8,c(-121.881387433741, 47.5574033466574),c(-81.3409711398366, 27.343403231346)
"42660","43100","Seattle-Tacoma-Bellevue, WA Metro Area","Sheboygan, WI Metro Area","MOVEDOUT",64,62,c(-121.881387433741, 47.5574033466574),c(-87.6347722047238, 43.7197084499868)
"42660","43300","Seattle-Tacoma-Bellevue, WA Metro Area","Sherman-Denison, TX Metro Area","MOVEDOUT",84,134,c(-121.881387433741, 47.5574033466574),c(-96.6777211671825, 33.6268129472417)
"42660","43340","Seattle-Tacoma-Bellevue, WA Metro Area","Shreveport-Bossier City, LA Metro Area","MOVEDOUT",0,NA,c(-121.881387433741, 47.5574033466574),c(-93.7451055390712, 32.4387851131497)
"42660","43420","Seattle-Tacoma-Bellevue, WA Metro Area","Sierra Vista-Douglas, AZ Metro Area","MOVEDOUT",135,99,c(-121.881387433741, 47.5574033466574),c(-109.75114066712, 31.8795651908287)
"42660","43620","Seattle-Tacoma-Bellevue, WA Metro Area","Sioux Falls, SD Metro Area","MOVEDOUT",144,181,c(-121.881387433741, 47.5574033466574),c(-96.9900742494589, 43.4997167320104)
"42660","43780","Seattle-Tacoma-Bellevue, WA Metro Area","South Bend-Mishawaka, IN-MI Metro Area","MOVEDOUT",157,107,c(-121.881387433741, 47.5574033466574),c(-86.134146787969, 41.7736298070234)
"42660","43900","Seattle-Tacoma-Bellevue, WA Metro Area","Spartanburg, SC Metro Area","MOVEDOUT",32,45,c(-121.881387433741, 47.5574033466574),c(-81.9906784997642, 34.9312615352758)
"42660","44060","Seattle-Tacoma-Bellevue, WA Metro Area","Spokane-Spokane Valley, WA Metro Area","MOVEDOUT",7954,1063,c(-121.881387433741, 47.5574033466574),c(-117.40400828553, 47.6206394354159)
"42660","44140","Seattle-Tacoma-Bellevue, WA Metro Area","Springfield, MA Metro Area","MOVEDOUT",110,85,c(-121.881387433741, 47.5574033466574),c(-72.6256423417875, 42.364870301685)
"42660","44180","Seattle-Tacoma-Bellevue, WA Metro Area","Springfield, MO Metro Area","MOVEDOUT",179,151,c(-121.881387433741, 47.5574033466574),c(-93.1770742503874, 37.3616702324421)
"42660","44220","Seattle-Tacoma-Bellevue, WA Metro Area","Springfield, OH Metro Area","MOVEDOUT",64,73,c(-121.881387433741, 47.5574033466574),c(-83.7838965195154, 39.9167775492559)
"42660","44300","Seattle-Tacoma-Bellevue, WA Metro Area","State College, PA Metro Area","MOVEDOUT",26,33,c(-121.881387433741, 47.5574033466574),c(-77.8199512151975, 40.9193416134865)
"42660","44420","Seattle-Tacoma-Bellevue, WA Metro Area","Staunton, VA Metro Area","MOVEDOUT",0,NA,c(-121.881387433741, 47.5574033466574),c(-79.1288699720357, 38.1629476936565)
"42660","44700","Seattle-Tacoma-Bellevue, WA Metro Area","Stockton, CA Metro Area","MOVEDOUT",216,110,c(-121.881387433741, 47.5574033466574),c(-121.271436561561, 37.9349078148139)
"42660","44940","Seattle-Tacoma-Bellevue, WA Metro Area","Sumter, SC Metro Area","MOVEDOUT",3,11,c(-121.881387433741, 47.5574033466574),c(-80.382315926301, 33.9161721882083)
"42660","45060","Seattle-Tacoma-Bellevue, WA Metro Area","Syracuse, NY Metro Area","MOVEDOUT",63,58,c(-121.881387433741, 47.5574033466574),c(-76.076956583913, 43.2009703771968)
"42660","45220","Seattle-Tacoma-Bellevue, WA Metro Area","Tallahassee, FL Metro Area","MOVEDOUT",19,21,c(-121.881387433741, 47.5574033466574),c(-84.2814111013535, 30.3867853359359)
"42660","45300","Seattle-Tacoma-Bellevue, WA Metro Area","Tampa-St. Petersburg-Clearwater, FL Metro Area","MOVEDOUT",347,124,c(-121.881387433741, 47.5574033466574),c(-82.4640394122788, 28.1255388254789)
"42660","45460","Seattle-Tacoma-Bellevue, WA Metro Area","Terre Haute, IN Metro Area","MOVEDOUT",5,9,c(-121.881387433741, 47.5574033466574),c(-87.3439938734434, 39.3919113353936)
"42660","45500","Seattle-Tacoma-Bellevue, WA Metro Area","Texarkana, TX-AR Metro Area","MOVEDOUT",6,9,c(-121.881387433741, 47.5574033466574),c(-94.2062418582728, 33.3912185209034)
"42660","45780","Seattle-Tacoma-Bellevue, WA Metro Area","Toledo, OH Metro Area","MOVEDOUT",58,73,c(-121.881387433741, 47.5574033466574),c(-83.5148951090046, 41.5547184843156)
"42660","45940","Seattle-Tacoma-Bellevue, WA Metro Area","Trenton-Princeton, NJ Metro Area","MOVEDOUT",25,30,c(-121.881387433741, 47.5574033466574),c(-74.7016891415838, 40.2834047511997)
"42660","46060","Seattle-Tacoma-Bellevue, WA Metro Area","Tucson, AZ Metro Area","MOVEDOUT",1740,541,c(-121.881387433741, 47.5574033466574),c(-111.789945456768, 32.0973814886838)
"42660","46140","Seattle-Tacoma-Bellevue, WA Metro Area","Tulsa, OK Metro Area","MOVEDOUT",172,87,c(-121.881387433741, 47.5574033466574),c(-96.1662596443598, 36.2504292674787)
"42660","46220","Seattle-Tacoma-Bellevue, WA Metro Area","Tuscaloosa, AL Metro Area","MOVEDOUT",18,23,c(-121.881387433741, 47.5574033466574),c(-87.6560110567016, 33.0525829232296)
"42660","46300","Seattle-Tacoma-Bellevue, WA Metro Area","Twin Falls, ID Metro Area","MOVEDOUT",5,10,c(-121.881387433741, 47.5574033466574),c(-114.570847657616, 42.4357579488171)
"42660","46340","Seattle-Tacoma-Bellevue, WA Metro Area","Tyler, TX Metro Area","MOVEDOUT",55,100,c(-121.881387433741, 47.5574033466574),c(-95.2691825906234, 32.3750353905621)
"42660","46520","Seattle-Tacoma-Bellevue, WA Metro Area","Urban Honolulu, HI Metro Area","MOVEDOUT",1515,361,c(-121.881387433741, 47.5574033466574),c(-157.961377364405, 21.4554312044121)
"42660","46540","Seattle-Tacoma-Bellevue, WA Metro Area","Utica-Rome, NY Metro Area","MOVEDOUT",23,27,c(-121.881387433741, 47.5574033466574),c(-75.1813657665877, 43.3374133268132)
"42660","46660","Seattle-Tacoma-Bellevue, WA Metro Area","Valdosta, GA Metro Area","MOVEDOUT",139,211,c(-121.881387433741, 47.5574033466574),c(-83.2415960747274, 30.8294866477115)
"42660","46700","Seattle-Tacoma-Bellevue, WA Metro Area","Vallejo, CA Metro Area","MOVEDOUT",357,233,c(-121.881387433741, 47.5574033466574),c(-121.940006897008, 38.266919114572)
"42660","47020","Seattle-Tacoma-Bellevue, WA Metro Area","Victoria, TX Metro Area","MOVEDOUT",0,NA,c(-121.881387433741, 47.5574033466574),c(-96.980026117906, 28.6208664339496)
"42660","47220","Seattle-Tacoma-Bellevue, WA Metro Area","Vineland-Bridgeton, NJ Metro Area","MOVEDOUT",0,NA,c(-121.881387433741, 47.5574033466574),c(-75.1293422062504, 39.328069233977)
"42660","47260","Seattle-Tacoma-Bellevue, WA Metro Area","Virginia Beach-Norfolk-Newport News, VA-NC Metro Area","MOVEDOUT",565,198,c(-121.881387433741, 47.5574033466574),c(-76.3877749770064, 36.9145690115707)
"42660","47300","Seattle-Tacoma-Bellevue, WA Metro Area","Visalia, CA Metro Area","MOVEDOUT",32,32,c(-121.881387433741, 47.5574033466574),c(-118.80047284369, 36.2201567788721)
"42660","47380","Seattle-Tacoma-Bellevue, WA Metro Area","Waco, TX Metro Area","MOVEDOUT",99,70,c(-121.881387433741, 47.5574033466574),c(-97.2017877798534, 31.5523768983529)
"42660","47460","Seattle-Tacoma-Bellevue, WA Metro Area","Walla Walla, WA Metro Area","MOVEDOUT",766,193,c(-121.881387433741, 47.5574033466574),c(-118.478452799242, 46.2298013207593)
"42660","47900","Seattle-Tacoma-Bellevue, WA Metro Area","Washington-Arlington-Alexandria, DC-VA-MD-WV Metro Area","MOVEDOUT",2129,439,c(-121.881387433741, 47.5574033466574),c(-77.3845797127008, 38.8438403869312)
"42660","47940","Seattle-Tacoma-Bellevue, WA Metro Area","Waterloo-Cedar Falls, IA Metro Area","MOVEDOUT",22,32,c(-121.881387433741, 47.5574033466574),c(-92.4711569427941, 42.536231987)
"42660","48060","Seattle-Tacoma-Bellevue, WA Metro Area","Watertown-Fort Drum, NY Metro Area","MOVEDOUT",11,14,c(-121.881387433741, 47.5574033466574),c(-76.0521081280759, 43.9988484360275)
"42660","48140","Seattle-Tacoma-Bellevue, WA Metro Area","Wausau-Weston, WI Metro Area","MOVEDOUT",0,NA,c(-121.881387433741, 47.5574033466574),c(-89.7590511318669, 44.8982853503984)
"42660","48260","Seattle-Tacoma-Bellevue, WA Metro Area","Weirton-Steubenville, WV-OH Metro Area","MOVEDOUT",30,21,c(-121.881387433741, 47.5574033466574),c(-80.7042602190491, 40.3880357116031)
"42660","48300","Seattle-Tacoma-Bellevue, WA Metro Area","Wenatchee, WA Metro Area","MOVEDOUT",1060,299,c(-121.881387433741, 47.5574033466574),c(-120.265505588303, 47.8183993627119)
"42660","48620","Seattle-Tacoma-Bellevue, WA Metro Area","Wichita, KS Metro Area","MOVEDOUT",276,186,c(-121.881387433741, 47.5574033466574),c(-97.2454275253188, 37.6386711990815)
"42660","48660","Seattle-Tacoma-Bellevue, WA Metro Area","Wichita Falls, TX Metro Area","MOVEDOUT",4,10,c(-121.881387433741, 47.5574033466574),c(-98.4914009579044, 33.7747645723892)
"42660","48900","Seattle-Tacoma-Bellevue, WA Metro Area","Wilmington, NC Metro Area","MOVEDOUT",50,97,c(-121.881387433741, 47.5574033466574),c(-78.038930890837, 34.2518772222824)
"42660","49020","Seattle-Tacoma-Bellevue, WA Metro Area","Winchester, VA-WV Metro Area","MOVEDOUT",30,49,c(-121.881387433741, 47.5574033466574),c(-78.4738886635992, 39.2721494221517)
"42660","49180","Seattle-Tacoma-Bellevue, WA Metro Area","Winston-Salem, NC Metro Area","MOVEDOUT",84,71,c(-121.881387433741, 47.5574033466574),c(-80.3969522133791, 36.1851640621386)
"42660","49340","Seattle-Tacoma-Bellevue, WA Metro Area","Worcester, MA-CT Metro Area","MOVEDOUT",162,104,c(-121.881387433741, 47.5574033466574),c(-71.9077397329294, 42.3513989639591)
"42660","49420","Seattle-Tacoma-Bellevue, WA Metro Area","Yakima, WA Metro Area","MOVEDOUT",1916,481,c(-121.881387433741, 47.5574033466574),c(-120.738703169125, 46.4568459639814)
"42660","49660","Seattle-Tacoma-Bellevue, WA Metro Area","Youngstown-Warren-Boardman, OH-PA Metro Area","MOVEDOUT",89,90,c(-121.881387433741, 47.5574033466574),c(-80.5676355562142, 41.2377885069474)
"42660","49700","Seattle-Tacoma-Bellevue, WA Metro Area","Yuba City, CA Metro Area","MOVEDOUT",26,38,c(-121.881387433741, 47.5574033466574),c(-121.51791761597, 39.1553061249823)
"42660","49740","Seattle-Tacoma-Bellevue, WA Metro Area","Yuma, AZ Metro Area","MOVEDOUT",258,196,c(-121.881387433741, 47.5574033466574),c(-113.90556380393, 32.7694043560789)
